market,source_id,gate,horizon,window,dates,picks,scored,missing,truncated,censored,delisted_or_gap,n_unc,mean_ret_unc,median_ret_unc,win_rate_unc,mean_excess_unc,excess_t_unc,excess_win_rate_unc,mean_ret,median_ret,win_rate,p10,p90,t_stat,mean_excess,median_excess,excess_win_rate,excess_t,mean_ret_strict,mean_mfe,mean_mae,mean_hl_mfe,mean_hl_mae,mean_pool,mean_gated
crypto,crypto.funding_overheated,none,5,earlier,55,550,549,1,4,0,4,549,-0.00916685823280824,-0.0234375,0.3588342440801457,0.013924426710651208,2.017998131017496,0.5318761384335154,-0.00916685823280824,-0.0234375,0.3588342440801457,-0.11073879547129364,0.0841418196043746,-1.3310840788721783,0.013924426710651208,0.0034756368096536,0.5318761384335154,2.017998131017496,-0.008781561717263494,0.041446227847162675,-0.05358118612352609,,,99.85454545454546,99.85454545454546
crypto,crypto.funding_overheated,none,5,recent,21,210,197,13,46,50,8,159,0.006567513186997126,-0.0042372881355932,0.46540880503144655,0.014495972943564826,1.6767113698301657,0.5471698113207547,0.035418703979876405,0.0124666073018699,0.5583756345177665,-0.08017544901543235,0.20526077097505666,3.6253767000301442,0.012720986371867271,0.0034916076233781,0.5380710659898477,1.4204216875003972,0.00045813754952735196,0.07110107351739309,-0.02610527545735682,,,99.9047619047619,99.9047619047619
crypto,crypto.funding_overheated,none,20,earlier,55,550,549,1,64,0,64,549,-0.08419462264877342,-0.0796296296296296,0.24225865209471767,0.006066894122127851,0.7248435176951484,0.5519125683060109,-0.08419462264877342,-0.0796296296296296,0.24225865209471767,-0.279909472393795,0.0961784368751233,-9.896305806097706,0.006066894122127851,0.014128796430423592,0.5519125683060109,0.7248435176951484,-0.0771743588780498,0.09794963439742356,-0.14777461558180585,,,99.85454545454546,99.85454545454546
crypto,crypto.funding_overheated,none,20,recent,21,210,197,13,192,200,5,10,0.07481429315304514,0.05793495297805635,0.5,-0.006566703014483283,-0.18449805181327614,0.5,0.13060592971803725,0.1360069747166521,0.8020304568527918,-0.07777496018744853,0.3435177636231636,10.554101774721767,0.013179327787980645,0.017453246421780602,0.5583756345177665,1.06608655805021,0.07719004415867116,0.18508550600267898,-0.05274449405940846,,,99.9047619047619,99.9047619047619
crypto,crypto.funding_overheated,rsi45_only,5,earlier,55,550,549,1,5,0,5,549,-0.011509365463695447,-0.0248833592534992,0.32786885245901637,0.011581919479764,1.8066606501382736,0.5009107468123861,-0.011509365463695447,-0.0248833592534992,0.32786885245901637,-0.11874781256076221,0.07824934376380695,-1.7705128965200625,0.011581919479764,0.00023545749332389877,0.5009107468123861,1.8066606501382736,-0.011083013501202695,0.037233507620472915,-0.051381509064802745,,,99.85454545454546,66.69090909090909
crypto,crypto.funding_overheated,rsi45_only,5,recent,21,210,198,12,53,50,15,160,0.007009468340995995,-0.0095454545454545,0.43125,0.01396025847840109,2.1260054972157305,0.5375,0.042122217808301055,0.009511967032854049,0.5353535353535354,-0.07565304796685159,0.21660309903683558,4.695187045228479,0.01878914180786042,0.005115411732011101,0.5454545454545454,2.8706297763325046,-0.005568981525388043,0.06594978013032722,-0.02177955394880088,,,99.9047619047619,61.76190476190476
crypto,crypto.funding_overheated,rsi45_only,20,earlier,55,550,549,1,75,0,75,549,-0.09069214674099889,-0.0840336134453781,0.20765027322404372,-0.00043062997009760264,-0.07309526740302671,0.5336976320582878,-0.09069214674099889,-0.0840336134453781,0.20765027322404372,-0.26027293844367017,0.06557709702274686,-14.543228051611557,-0.00043062997009760264,0.006704959489379103,0.5336976320582878,-0.07309526740302671,-0.08482236588605391,0.08367822085416624,-0.14483649440267576,,,99.85454545454546,66.69090909090909
crypto,crypto.funding_overheated,rsi45_only,20,recent,21,210,198,12,196,200,8,10,0.12347341285801816,0.12319500251130075,0.8,0.042092416690489756,1.103701450380498,0.6,0.17635923686749175,0.17175822735020313,0.9292929292929293,0.03242835595776775,0.35535157722759836,19.156775388772903,0.05877570525370083,0.046340303900354395,0.6666666666666666,6.528452436456038,0.22853890362511048,0.18007643625773842,-0.03724966572210798,,,99.9047619047619,61.76190476190476
crypto,crypto.funding_squeeze,none,5,earlier,55,550,550,0,2,0,2,550,-0.054517222087923846,-0.0595319952014512,0.23272727272727273,-0.03129288762024902,-4.987161397309893,0.30727272727272725,-0.054517222087923846,-0.0595319952014512,0.23272727272727273,-0.19409860724233982,0.04737024221453297,-8.404811726859872,-0.03129288762024902,-0.03033161210803775,0.30727272727272725,-4.987161397309893,-0.054636646724029875,0.02590047035415538,-0.09185334055888976,,,47.90909090909091,47.90909090909091
crypto,crypto.funding_squeeze,none,5,recent,21,209,199,10,43,49,3,159,-0.03977247829815536,-0.0285714285714285,0.3710691823899371,-0.03184401854158766,-3.0569473515741508,0.4339622641509434,-0.001284780061615108,-0.0042613636363637,0.4824120603015075,-0.16582820444206584,0.1898481929388826,-0.11925588417841014,-0.025570467158680048,-0.023166215759475896,0.4221105527638191,-2.77281542218335,-0.041030170523848004,0.047162426455608406,-0.06215258003349467,,,43.11483253588517,43.11483253588517
crypto,crypto.funding_squeeze,none,20,earlier,55,550,550,0,36,0,36,550,-0.12602261359486694,-0.14247942796122193,0.17272727272727273,-0.035663036799242646,-3.8644102610399997,0.3690909090909091,-0.12602261359486694,-0.14247942796122193,0.17272727272727273,-0.31205,0.06420765746787442,-13.324981202013564,-0.035663036799242646,-0.040865597333158685,0.3690909090909091,-3.8644102610399997,-0.1274570756599042,0.0737244114376455,-0.19019557948097873,,,47.90909090909091,47.90909090909091
crypto,crypto.funding_squeeze,none,20,recent,21,209,199,10,191,199,2,10,0.038803664269229085,0.035753509851401855,0.7,-0.04257733189829931,-1.0789976744648537,0.4,0.03928864839212452,0.0542986425339366,0.6482412060301508,-0.17920057418490012,0.2827838827838829,3.05535617711343,-0.0787738739383241,-0.0681359630549456,0.2964824120603015,-6.279413525870056,0.0395662028736859,0.09315398874214771,-0.09629348623485531,,,43.11483253588517,43.11483253588517
crypto,crypto.funding_squeeze,rsi45_only,5,earlier,55,548,548,0,2,0,2,548,-0.026777711818028998,-0.03402597402597385,0.3010948905109489,-0.003705352157219637,-0.7082209048170999,0.43613138686131386,-0.026777711818028998,-0.03402597402597385,0.3010948905109489,-0.13285714285714284,0.06772437210936123,-4.844834075097775,-0.003705352157219637,-0.01021572178303225,0.43613138686131386,-0.7082209048170999,-0.02679596397928598,0.03542102227587941,-0.062098300875668505,,,47.981751824817515,33.762773722627735
crypto,crypto.funding_squeeze,rsi45_only,5,recent,21,202,197,5,41,42,3,159,-0.0011193386606234243,0.0,0.4968553459119497,0.006809121095944281,0.753304232845631,0.5974842767295597,0.02502919692372481,0.0153256704980841,0.583756345177665,-0.09344515862922355,0.19032488506827544,2.8357940939023374,0.0015213493456956706,0.008586171372798698,0.5685279187817259,0.19808530767284893,-0.002923721798691744,0.056122465708437014,-0.03762250841643899,,,44.198019801980195,34.00990099009901
crypto,crypto.funding_squeeze,rsi45_only,20,earlier,55,548,548,0,36,0,36,548,-0.10798424038315022,-0.11623863636363635,0.20072992700729927,-0.01774557624664818,-2.731367332239584,0.4470802919708029,-0.10798424038315022,-0.11623863636363635,0.20072992700729927,-0.2811666928818238,0.06321598826549309,-16.16150847916808,-0.01774557624664818,-0.014428876692698649,0.4470802919708029,-2.731367332239584,-0.10934243224897072,0.07833913504216353,-0.15843747192664392,,,47.981751824817515,33.762773722627735
crypto,crypto.funding_squeeze,rsi45_only,20,recent,21,202,197,5,188,192,1,10,0.07118200911389763,0.09866538232423736,0.8,-0.010198987053630777,-0.24181666036930577,0.6,0.0877976986159339,0.0998817966903073,0.7614213197969543,-0.10505997966790916,0.2785347985347985,7.954786967129984,-0.030439033284142727,-0.01465579347500541,0.4467005076142132,-2.801522065214242,0.0754331422710431,0.12011574476574076,-0.06518844584018355,,,44.198019801980195,34.00990099009901
crypto,crypto.high_volume,none,5,earlier,55,550,550,0,0,0,0,550,-0.04873115828546387,-0.0282854203030164,0.27090909090909093,-0.025506823817789043,-4.327403984374026,0.4690909090909091,-0.04873115828546387,-0.0282854203030164,0.27090909090909093,-0.20337603738618962,0.057961111333031036,-8.187359875925786,-0.025506823817789043,-0.005967831324594599,0.4690909090909091,-4.327403984374026,-0.04873115828546387,0.012807167747885812,-0.0803427247343932,,,100.0,100.0
crypto,crypto.high_volume,none,5,recent,21,210,200,10,40,50,0,160,-0.01848007403888984,-0.017909864714831997,0.34375,-0.011529283901484746,-0.8792768047515049,0.4625,0.007941791907969967,-0.0123456091940654,0.425,-0.1761742658689223,0.1926186817131446,0.6211657829011159,-0.016964960150156895,-0.011262257446480852,0.43,-1.4163311932513836,-0.01848007403888984,0.05315155171046611,-0.05479172126165771,,,100.0,100.0
crypto,crypto.high_volume,none,20,earlier,55,550,550,0,5,0,5,550,-0.11938740850019418,-0.07681199745004874,0.16727272727272727,-0.0290278317045699,-3.497631079528027,0.52,-0.11938740850019418,-0.07681199745004874,0.16727272727272727,-0.33701280227596003,0.029546120720068948,-14.172972961974448,-0.0290278317045699,0.0054176552669135,0.52,-3.497631079528027,-0.11911320896086916,0.04424538876931668,-0.16519500916441288,,,100.0,100.0
crypto,crypto.high_volume,none,20,recent,21,210,200,10,192,200,2,10,0.052167304782727054,0.0375698862540968,0.5,-0.029213691384801354,-0.5225123757109325,0.5,0.09568756248637728,0.10765691363850866,0.64,-0.15637217619629676,0.3506330356725419,5.813675272584681,-0.022527140628966352,-0.030530187910237705,0.455,-1.3703536741682696,0.05885477796707905,0.1459088535102253,-0.07994662722786741,,,100.0,100.0
crypto,crypto.high_volume,rsi45_only,5,earlier,55,550,550,0,1,0,1,550,-0.023785276497956153,-0.0264963383846456,0.2690909090909091,-0.0005609420302813227,-0.09015101240808268,0.5109090909090909,-0.023785276497956153,-0.0264963383846456,0.2690909090909091,-0.1419745014710689,0.07135979234672923,-3.752902592784296,-0.0005609420302813227,0.001277604291275953,0.5109090909090909,-0.09015101240808268,-0.02299894026030627,0.028469459477004237,-0.05923458572923912,,,100.0,60.72727272727273
crypto,crypto.high_volume,rsi45_only,5,recent,21,210,200,10,40,50,0,160,-0.004929175116064159,-0.0109732958538299,0.3875,0.0020216150213409347,0.2710907484971271,0.59375,0.01927861307938362,-0.0007185109480008,0.475,-0.08265855335944737,0.1555446712953414,2.364558064730848,-0.005628138978743247,0.00348794968168575,0.53,-0.8341302721233921,-0.004929175116064159,0.04540941362938277,-0.03067873551516266,,,100.0,57.476190476190474
crypto,crypto.high_volume,rsi45_only,20,earlier,55,550,550,0,21,0,21,550,-0.1011732936057631,-0.0816364309514994,0.2109090909090909,-0.010813716810138823,-1.7453976237757036,0.5309090909090909,-0.1011732936057631,-0.0816364309514994,0.2109090909090909,-0.29751939397833965,0.0697777449604963,-15.707949302426453,-0.010813716810138823,0.0060863847741953955,0.5309090909090909,-1.7453976237757036,-0.09601989775739568,0.07284035926364948,-0.14595726581367552,,,100.0,60.72727272727273
crypto,crypto.high_volume,rsi45_only,20,recent,21,210,200,10,191,200,1,10,0.0639692359165095,0.15758905313883814,0.6,-0.017411760251018905,-0.25916610895185477,0.6,0.1238549775393985,0.1449748271043107,0.76,-0.05450505296481182,0.2971363227865752,11.120322933653007,0.005640274424054872,0.016189880038429194,0.555,0.505461183347768,0.0775368771165351,0.14763718952759883,-0.04975257480913134,,,100.0,57.476190476190474
crypto,crypto.long_short_skew,none,5,earlier,55,550,550,0,0,0,0,550,-0.009973931820454923,-0.02159686788879315,0.3690909090909091,0.013250402647219904,2.7661215237507015,0.5327272727272727,-0.009973931820454923,-0.02159686788879315,0.3690909090909091,-0.12268735906618905,0.0875356554052285,-1.9424103778122508,0.013250402647219904,0.004726726956859148,0.5327272727272727,2.7661215237507015,-0.009973931820454923,0.0446027783637803,-0.051900506062913895,,,100.0,100.0
crypto,crypto.long_short_skew,none,5,recent,21,210,195,15,54,50,17,158,0.012959048620595093,-0.0023832464293811,0.4873417721518987,0.02092789574093098,3.779479120806842,0.5949367088607594,0.040865061536589954,0.0171673819742488,0.5846153846153846,-0.06437595487131272,0.15808865047995485,5.6354438966024984,0.01843331663889232,0.0088781596557857,0.5538461538461539,3.593090010122064,0.009819932710746772,0.06508707548168383,-0.0163720578680345,,,100.0,100.0
crypto,crypto.long_short_skew,none,20,earlier,55,550,550,0,41,0,41,550,-0.060658078262379976,-0.07289425347677769,0.26545454545454544,0.029701498533244296,4.903633439837623,0.5327272727272727,-0.060658078262379976,-0.07289425347677769,0.26545454545454544,-0.2237053571428571,0.107305023382109,-9.779452819201792,0.029701498533244296,0.006616099461074551,0.5327272727272727,4.903633439837623,-0.05928601139944016,0.10213114653953183,-0.13408100970303832,,,100.0,100.0
crypto,crypto.long_short_skew,none,20,recent,21,210,195,15,193,200,8,10,0.05845094918390897,0.0561532406192599,0.7,-0.022930046983619425,-1.1323927730238894,0.3,0.10109401549449848,0.0916334661354583,0.8666666666666667,-0.0092250922509224,0.19721397379912659,15.191741236010488,-0.016289133913309668,-0.0231285689830625,0.3333333333333333,-2.7360802927762897,0.0815737874097008,0.11391390231283331,-0.03382995536429759,,,100.0,100.0
crypto,crypto.long_short_skew,rsi45_only,5,earlier,55,550,550,0,0,0,0,550,-0.013148080814291207,-0.0258570258570258,0.33454545454545453,0.010076253653383627,2.0974851788503335,0.5181818181818182,-0.013148080814291207,-0.0258570258570258,0.33454545454545453,-0.12426470588235293,0.08458762886597931,-2.516967518554171,0.010076253653383627,0.0028593094970867485,0.5181818181818182,2.0974851788503335,-0.013148080814291207,0.044219689748920425,-0.05304105397833979,,,100.0,70.67272727272727
crypto,crypto.long_short_skew,rsi45_only,5,recent,21,208,195,13,55,48,18,158,0.022965345341818287,0.0010845986984815,0.5,0.03093419246215418,5.5603681192604615,0.6772151898734177,0.04907657568254389,0.0222222222222221,0.5948717948717949,-0.04986349140798854,0.1746229746229747,6.695737138523577,0.02648297574918407,0.0163335173715038,0.6307692307692307,5.06696746163035,0.015867343632048555,0.06969262292246048,-0.010914759308710276,,,100.0,68.28846153846153
crypto,crypto.long_short_skew,rsi45_only,20,earlier,55,550,550,0,55,0,55,550,-0.07067935198597672,-0.08350495271139965,0.24909090909090909,0.01968022480964757,3.5647901049040733,0.5018181818181818,-0.07067935198597672,-0.08350495271139965,0.24909090909090909,-0.22367766726943938,0.10664451827242517,-12.11007085141992,0.01968022480964757,0.0016271902090046544,0.5018181818181818,3.5647901049040733,-0.06813541343304787,0.09668935986741518,-0.1388206684435502,,,100.0,70.67272727272727
crypto,crypto.long_short_skew,rsi45_only,20,recent,21,208,195,13,193,198,8,10,0.05845094918390897,0.0561532406192599,0.7,-0.022930046983619425,-1.1323927730238894,0.3,0.12217100493636769,0.1079545454545454,0.8769230769230769,-0.008001034527350237,0.2773725777912046,16.01608722187121,0.0046260004928973695,-0.013353785283174602,0.4256410256410256,0.64903464334949,0.0815737874097008,0.13297070948827944,-0.027649157163922876,,,100.0,68.28846153846153
crypto,crypto.momentum,none,5,earlier,55,550,550,0,5,0,5,550,-0.05844377396047752,-0.06696841705621326,0.20909090909090908,-0.03521943949280269,-6.3057034712484565,0.2690909090909091,-0.05844377396047752,-0.06696841705621326,0.20909090909090908,-0.17856526056733296,0.05650783498560908,-10.431783324795255,-0.03521943949280269,-0.04147676265724965,0.2690909090909091,-6.3057034712484565,-0.05625518295216764,0.009397092574048966,-0.09538420866306768,,,100.0,100.0
crypto,crypto.momentum,none,5,recent,21,210,200,10,51,50,11,160,-0.019459453019446703,-0.03559247709998045,0.31875,-0.012508662882041605,-1.0805889561834812,0.38125,0.004321430396391366,-0.0209264292624498,0.43,-0.14436188212544815,0.16063685483069295,0.37767492489759014,-0.020585321661735503,-0.0245548091823557,0.355,-1.9728992913941883,-0.020109020601729265,0.05201213402169607,-0.0624505547444384,,,100.0,100.0
crypto,crypto.momentum,none,20,earlier,55,550,550,0,68,0,68,550,-0.13724704148012518,-0.1552589164421726,0.13454545454545455,-0.04688746468450088,-5.527233508644223,0.3054545454545455,-0.13724704148012518,-0.1552589164421726,0.13454545454545455,-0.317411830565404,0.035029999818732414,-15.960245426005722,-0.04688746468450088,-0.06190989089568125,0.3054545454545455,-5.527233508644223,-0.12793924196505113,0.058337884208702916,-0.19906188736345803,,,100.0,100.0
crypto,crypto.momentum,none,20,recent,21,210,200,10,198,200,8,10,0.1119894107927957,0.0364969055768765,0.7,0.03060841462526729,0.39081213550392824,0.3,0.058618426509976645,0.0536199095022624,0.64,-0.1674265879348867,0.2878294887360044,3.9077951113606466,-0.05959627660536698,-0.0659330725767216,0.27,-3.9960685475119813,0.4406268304095863,0.11287449310823902,-0.09711478824061243,,,100.0,100.0
crypto,crypto.momentum,rsi45_only,5,earlier,55,550,550,0,6,0,6,550,-0.038171857222939316,-0.045356583072100304,0.24181818181818182,-0.014947522755264486,-3.157282303462562,0.35818181818181816,-0.038171857222939316,-0.045356583072100304,0.24181818181818182,-0.13232993512511584,0.06354285714285735,-7.889462419150324,-0.014947522755264486,-0.0192651056712499,0.35818181818181816,-3.157282303462562,-0.03618750794537637,0.02234143635875976,-0.07085437303618292,,,100.0,66.63636363636364
crypto,crypto.momentum,rsi45_only,5,recent,21,208,198,10,57,48,19,160,-0.006745084394671192,-0.02163937819748235,0.3625,0.00020570574273390263,0.03245865641015491,0.45625,0.015864744281054208,-0.00337561374795415,0.47474747474747475,-0.08298684029529091,0.15108372014406268,2.232371738655369,-0.008036045299478172,-0.011792629752452051,0.40404040404040403,-1.3851341058644784,-0.009856199193090043,0.046543410847940586,-0.03593755589323179,,,100.0,62.08653846153846
crypto,crypto.momentum,rsi45_only,20,earlier,55,550,550,0,72,0,72,550,-0.12400466798257102,-0.1281025641025641,0.14181818181818182,-0.03364509118694674,-5.144612623075047,0.37272727272727274,-0.12400466798257102,-0.1281025641025641,0.14181818181818182,-0.2784508188383684,0.03324102391215359,-18.44228168282658,-0.03364509118694674,-0.0340634980030631,0.37272727272727274,-5.144612623075047,-0.12266304168340376,0.06375661849888735,-0.1737751660467011,,,100.0,66.63636363636364
crypto,crypto.momentum,rsi45_only,20,recent,21,208,198,10,196,198,8,10,0.06118168100733713,0.0526520622692986,0.7,-0.02019931516019128,-0.7421885149766725,0.3,0.10104588865381975,0.09329640947287995,0.7878787878787878,-0.051242835832613624,0.2804794150765861,10.551414224551507,-0.017105356540062913,-0.022971674204824696,0.3838383838383838,-1.797215920972918,0.15716283726595237,0.11536502289943892,-0.0577054112651162,,,100.0,62.08653846153846
crypto,crypto.oi_surge,none,5,earlier,55,550,550,0,3,0,3,550,-0.0342187824823349,-0.03602634255849025,0.2927272727272727,-0.010994448014660062,-1.6697889069033558,0.4036363636363636,-0.0342187824823349,-0.03602634255849025,0.2927272727272727,-0.1783205679058472,0.08317729018036316,-5.107213634546498,-0.010994448014660062,-0.01678514826103985,0.4036363636363636,-1.6697889069033558,-0.034447717885657224,0.03677862108135244,-0.07485750362064376,,,100.0,100.0
crypto,crypto.oi_surge,none,5,recent,21,210,199,11,49,50,10,160,-0.008948262894978068,-0.02857842903715395,0.38125,-0.001997472757572972,-0.16745194806151345,0.45,0.020466254454695066,-0.0016051364365972,0.48743718592964824,-0.12314086080157921,0.2048645320197046,1.6979728934889053,-0.0038214803024280626,-0.016986212121476704,0.4371859296482412,-0.3487335474803362,-0.008744367604125568,0.06589691107338888,-0.04960522563005379,,,100.0,100.0
crypto,crypto.oi_surge,none,20,earlier,55,550,550,0,72,0,72,550,-0.09389802912639726,-0.11472241000507005,0.23272727272727273,-0.003538452330772967,-0.39337256222389355,0.43272727272727274,-0.09389802912639726,-0.11472241000507005,0.23272727272727273,-0.2963063063063063,0.12620288387021952,-10.199316078903722,-0.003538452330772967,-0.02358402992782431,0.43272727272727274,-0.39337256222389355,-0.0897708116252387,0.09681588044090551,-0.17075218793294927,,,100.0,100.0
crypto,crypto.oi_surge,none,20,recent,21,210,199,11,193,200,4,10,0.05216017049087941,0.05686494172393735,0.5,-0.029220825676648993,-0.5010060004429507,0.5,0.10152057307709365,0.0946969696969697,0.7437185929648241,-0.1398583513673027,0.3520490870773421,6.396123705479069,-0.016543996913413152,-0.028340166747603784,0.41708542713567837,-1.0610384223416105,0.05948308025096988,0.1403181291767067,-0.07427983570095488,,,100.0,100.0
crypto,crypto.oi_surge,rsi45_only,5,earlier,55,550,550,0,2,0,2,550,-0.01612438141946442,-0.02653772931559555,0.30727272727272725,0.007099953048210407,1.254608471348184,0.46545454545454545,-0.01612438141946442,-0.02653772931559555,0.30727272727272725,-0.12548732943469776,0.07600888076270092,-2.7553014106556715,0.007099953048210407,-0.005902435022232798,0.46545454545454545,1.254608471348184,-0.016142571731539553,0.04420379649166847,-0.05421084827012751,,,100.0,68.01818181818182
crypto,crypto.oi_surge,rsi45_only,5,recent,21,210,194,16,52,50,16,158,0.007867853272100753,-0.006499901309849249,0.46835443037974683,0.014652637136126525,1.7724664237545866,0.5253164556962026,0.03210521103913575,0.01110044549459735,0.5567010309278351,-0.07669241912119737,0.18224881435072673,3.7915100266876105,0.009605494624201112,-0.0017867263933496538,0.4948453608247423,1.2781407444758937,0.0036390009333830877,0.062379001006063944,-0.03140535632813471,,,100.0,66.66666666666667
crypto,crypto.oi_surge,rsi45_only,20,earlier,55,550,550,0,78,0,78,550,-0.09106967885830806,-0.09679408596158845,0.22181818181818183,-0.0007101020626837919,-0.11495957666649358,0.4636363636363636,-0.09106967885830806,-0.09679408596158845,0.22181818181818183,-0.24872881355932203,0.08665754985000303,-14.332269897597067,-0.0007101020626837919,-0.00860463827711365,0.4636363636363636,-0.11495957666649358,-0.0911895175509584,0.09747977171361821,-0.14916783521562696,,,100.0,68.01818181818182
crypto,crypto.oi_surge,rsi45_only,20,recent,21,210,194,16,189,200,5,10,0.10312840945453136,0.13344132586611085,0.8,0.02174741328700294,0.46040682398484045,0.7,0.11568949533600487,0.1095390460953904,0.8247422680412371,-0.05606426451775435,0.2879861711322385,10.456202243477408,-0.0018565333825477203,-0.010905536248988004,0.4793814432989691,-0.1701858407728848,0.14945253786483143,0.13594633635800468,-0.05125423324712664,,,100.0,66.66666666666667
crypto,crypto.oversold,none,5,earlier,55,550,550,0,5,0,5,550,-0.018362161318113066,-0.03046941458510555,0.3381818181818182,0.004862173149561767,1.0923348910581385,0.4490909090909091,-0.018362161318113066,-0.03046941458510555,0.3381818181818182,-0.12123665807876333,0.09700951778474294,-3.7883103794738675,0.004862173149561767,-0.007209824548027948,0.4490909090909091,1.0923348910581385,-0.016237112099255276,0.04881813848934597,-0.05857299203562682,,,57.03636363636364,57.03636363636364
crypto,crypto.oversold,none,5,recent,21,210,190,20,59,50,23,154,-0.004210705199990075,-0.018961179007907898,0.33766233766233766,0.0025737820624187986,0.31321884406305894,0.4675324675324675,0.016433442522659072,-0.00590547749381125,0.43157894736842106,-0.09858062527822488,0.18823989365861285,1.910380178664023,-0.006849144469743816,-0.012286932210571599,0.41578947368421054,-0.9123667239720386,-0.009011662366020209,0.05118267973765371,-0.03819713965582359,,,71.47619047619048,71.47619047619048
crypto,crypto.oversold,none,20,earlier,55,550,550,0,57,0,57,550,-0.10754643814289294,-0.11007285397529296,0.19636363636363635,-0.01718686134726866,-2.718741211483956,0.44363636363636366,-0.10754643814289294,-0.11007285397529296,0.19636363636363635,-0.27495737425404937,0.08573660714285705,-16.648277361874825,-0.01718686134726866,-0.014243701246584452,0.44363636363636366,-2.718741211483956,-0.10539411214519327,0.11055099349410119,-0.163232718029711,,,57.03636363636364,57.03636363636364
crypto,crypto.oversold,none,20,recent,21,210,190,20,186,200,6,10,-0.07588652935158836,-0.06259533784509605,0.3,-0.15726752551911677,-2.5863964809491233,0.3,0.05837303564571071,0.0557669684415118,0.6421052631578947,-0.10693086965827202,0.22445970388602965,5.78496325400971,-0.05900426284721433,-0.05907107968811311,0.3368421052631579,-6.279118215106464,-0.11137272439242882,0.08910203691718206,-0.07045105208393465,,,71.47619047619048,71.47619047619048
crypto,crypto.oversold,rsi45_only,5,earlier,55,550,550,0,5,0,5,550,-0.018362161318113066,-0.03046941458510555,0.3381818181818182,0.004862173149561767,1.0923348910581385,0.4490909090909091,-0.018362161318113066,-0.03046941458510555,0.3381818181818182,-0.12123665807876333,0.09700951778474294,-3.7883103794738675,0.004862173149561767,-0.007209824548027948,0.4490909090909091,1.0923348910581385,-0.016237112099255276,0.04881813848934597,-0.05857299203562682,,,57.03636363636364,57.03636363636364
crypto,crypto.oversold,rsi45_only,5,recent,21,210,190,20,59,50,23,154,-0.004210705199990075,-0.018961179007907898,0.33766233766233766,0.0025737820624187986,0.31321884406305894,0.4675324675324675,0.016433442522659072,-0.00590547749381125,0.43157894736842106,-0.09858062527822488,0.18823989365861285,1.910380178664023,-0.006849144469743816,-0.012286932210571599,0.41578947368421054,-0.9123667239720386,-0.009011662366020209,0.05118267973765371,-0.03819713965582359,,,71.47619047619048,71.47619047619048
crypto,crypto.oversold,rsi45_only,20,earlier,55,550,550,0,57,0,57,550,-0.10754643814289294,-0.11007285397529296,0.19636363636363635,-0.01718686134726866,-2.718741211483956,0.44363636363636366,-0.10754643814289294,-0.11007285397529296,0.19636363636363635,-0.27495737425404937,0.08573660714285705,-16.648277361874825,-0.01718686134726866,-0.014243701246584452,0.44363636363636366,-2.718741211483956,-0.10539411214519327,0.11055099349410119,-0.163232718029711,,,57.03636363636364,57.03636363636364
crypto,crypto.oversold,rsi45_only,20,recent,21,210,190,20,186,200,6,10,-0.07588652935158836,-0.06259533784509605,0.3,-0.15726752551911677,-2.5863964809491233,0.3,0.05837303564571071,0.0557669684415118,0.6421052631578947,-0.10693086965827202,0.22445970388602965,5.78496325400971,-0.05900426284721433,-0.05907107968811311,0.3368421052631579,-6.279118215106464,-0.11137272439242882,0.08910203691718206,-0.07045105208393465,,,71.47619047619048,71.47619047619048
crypto,crypto.random,none,5,earlier,55,550,549,1,4,0,4,549,-0.018556109426999524,-0.0249221183800621,0.331511839708561,0.004683475338785187,0.8415543617035606,0.48816029143898,-0.018556109426999524,-0.0249221183800621,0.331511839708561,-0.1222669485240534,0.07237686333156446,-3.2656240085056747,0.004683475338785187,-0.0012341695375289938,0.48816029143898,0.8415543617035606,-0.018128002970376162,0.03297527915515122,-0.05308687948416521,,,10.0,10.0
crypto,crypto.random,none,5,recent,21,210,199,11,42,50,2,159,0.012814443638221314,-0.0069930069930069,0.4339622641509434,0.019667492785148587,2.173901120447879,0.5471698113207547,0.038358398593041305,0.0071833648393193,0.5326633165829145,-0.08396802654400118,0.201140154554284,4.168045811478811,0.013213463822947078,0.006686074144932198,0.542713567839196,1.710299743733211,0.013107857679810257,0.06525707356395573,-0.024075806002265367,,,10.0,10.0
crypto,crypto.random,none,20,earlier,55,550,549,1,34,0,34,549,-0.08878320881698525,-0.0898989898989899,0.22404371584699453,0.0015315327079451614,0.255589988870895,0.5081967213114754,-0.08878320881698525,-0.0898989898989899,0.22404371584699453,-0.25290508591857913,0.06728714688339765,-14.55904850925494,0.0015315327079451614,0.002452600279669398,0.5081967213114754,0.255589988870895,-0.08405619710000521,0.07689441093822286,-0.13836137800935824,,,10.0,10.0
crypto,crypto.random,none,20,recent,21,210,199,11,190,200,1,10,0.06250190762742748,0.06815253935502791,0.6,-0.01887908854010093,-0.43545276638763053,0.5,0.1467509843043742,0.1221374045801526,0.7788944723618091,-0.0647607045058501,0.3740904770286922,11.078154500082633,0.02845039387085403,0.0202995559610762,0.5326633165829145,2.165429085915389,0.06515931858567325,0.1686072017606608,-0.052444182011055,,,10.0,10.0
crypto,crypto.tv_rsi45,none,5,earlier,55,550,550,0,7,0,7,550,-0.02400233613071232,-0.03158499708217655,0.3381818181818182,-0.0007780016630374801,-0.15616001668369445,0.44545454545454544,-0.02400233613071232,-0.03158499708217655,0.3381818181818182,-0.12591123989629407,0.09104636973764484,-4.426106023086792,-0.0007780016630374801,-0.007214797863325498,0.44545454545454544,-0.15616001668369445,-0.01976275874418369,0.04392000227840588,-0.06298148709208472,,,59.43636363636364,59.43636363636364
crypto,crypto.tv_rsi45,none,5,recent,21,210,198,12,48,50,8,158,-0.01158306193007871,-0.015145691485467499,0.37341772151898733,-0.0048289910013568195,-0.7439510378922317,0.47468354430379744,0.014696869842988625,0.0,0.47474747474747475,-0.09242429450383235,0.12752338877338867,1.8364066121254876,-0.010688653525052421,-0.010471536751822753,0.42424242424242425,-1.6984733216201722,-0.0113910255301494,0.05020625000154293,-0.0372969809155072,,,40.0,40.0
crypto,crypto.tv_rsi45,none,20,earlier,55,550,550,0,32,0,32,550,-0.12085514450266192,-0.11724878864790031,0.19454545454545455,-0.03049556770703762,-4.844117708365908,0.42363636363636364,-0.12085514450266192,-0.11724878864790031,0.19454545454545455,-0.29144850437743186,0.055728353127497805,-18.485011891941014,-0.03049556770703762,-0.023771560510986306,0.42363636363636364,-4.844117708365908,-0.10800938392126702,0.10779658207201363,-0.16527885235065778,,,59.43636363636364,59.43636363636364
crypto,crypto.tv_rsi45,none,20,recent,21,210,198,12,191,200,3,10,0.0002518688281213072,0.09866538232423736,0.7,-0.0811291273394071,-1.2978763993790123,0.6,0.0820028078886916,0.0843176498895378,0.7222222222222222,-0.09772620821801144,0.25376104630611523,7.532779386393812,-0.03638453741167349,-0.04474722560028975,0.35858585858585856,-3.4712817470850283,0.008859195846312312,0.10947318516188362,-0.0686103704439081,,,40.0,40.0
crypto,crypto.tv_rsi45,rsi45_only,5,earlier,55,550,550,0,7,0,7,550,-0.02400233613071232,-0.03158499708217655,0.3381818181818182,-0.0007780016630374801,-0.15616001668369445,0.44545454545454544,-0.02400233613071232,-0.03158499708217655,0.3381818181818182,-0.12591123989629407,0.09104636973764484,-4.426106023086792,-0.0007780016630374801,-0.007214797863325498,0.44545454545454544,-0.15616001668369445,-0.01976275874418369,0.04392000227840588,-0.06298148709208472,,,59.43636363636364,59.43636363636364
crypto,crypto.tv_rsi45,rsi45_only,5,recent,21,210,198,12,48,50,8,158,-0.01158306193007871,-0.015145691485467499,0.37341772151898733,-0.0048289910013568195,-0.7439510378922317,0.47468354430379744,0.014696869842988625,0.0,0.47474747474747475,-0.09242429450383235,0.12752338877338867,1.8364066121254876,-0.010688653525052421,-0.010471536751822753,0.42424242424242425,-1.6984733216201722,-0.0113910255301494,0.05020625000154293,-0.0372969809155072,,,40.0,40.0
crypto,crypto.tv_rsi45,rsi45_only,20,earlier,55,550,550,0,32,0,32,550,-0.12085514450266192,-0.11724878864790031,0.19454545454545455,-0.03049556770703762,-4.844117708365908,0.42363636363636364,-0.12085514450266192,-0.11724878864790031,0.19454545454545455,-0.29144850437743186,0.055728353127497805,-18.485011891941014,-0.03049556770703762,-0.023771560510986306,0.42363636363636364,-4.844117708365908,-0.10800938392126702,0.10779658207201363,-0.16527885235065778,,,59.43636363636364,59.43636363636364
crypto,crypto.tv_rsi45,rsi45_only,20,recent,21,210,198,12,191,200,3,10,0.0002518688281213072,0.09866538232423736,0.7,-0.0811291273394071,-1.2978763993790123,0.6,0.0820028078886916,0.0843176498895378,0.7222222222222222,-0.09772620821801144,0.25376104630611523,7.532779386393812,-0.03638453741167349,-0.04474722560028975,0.35858585858585856,-3.4712817470850283,0.008859195846312312,0.10947318516188362,-0.0686103704439081,,,40.0,40.0
kr,kr.cheap_value,A_strong,5,earlier,1,1,1,0,0,0,0,1,-0.0038314176245211,-0.0038314176245211,0.0,-0.022908235041864802,,0.0,-0.0038314176245211,-0.0038314176245211,0.0,-0.0038314176245211,-0.0038314176245211,,-0.022908235041864802,-0.022908235041864802,0.0,,-0.0038314176245211,0.0051085568326947,-0.0089399744572158,0.0114942528735633,-0.0166028097062579,100.0,1.0
kr,kr.cheap_value,A_strong,20,earlier,1,1,1,0,0,0,0,1,-0.0063856960408684,-0.0063856960408684,0.0,-0.0769897386430875,,0.0,-0.0063856960408684,-0.0063856960408684,0.0,-0.0063856960408684,-0.0063856960408684,,-0.0769897386430875,-0.0769897386430875,0.0,,-0.0063856960408684,0.0051085568326947,-0.053639846743295,0.0127713920817369,-0.0600255427841635,100.0,1.0
kr,kr.cheap_value,B_moderate2,5,earlier,36,358,358,0,0,0,0,358,0.01689562549263071,0.00780607459779235,0.5670391061452514,0.04020142033457345,11.010096928551738,0.7513966480446927,0.01689562549263071,0.00780607459779235,0.5670391061452514,-0.04839533417402272,0.08810394706214887,4.9872617575504075,0.04020142033457345,0.037660228743516044,0.7513966480446927,11.010096928551738,0.01689562549263071,0.04038742170511741,-0.02115630594010826,0.06838610709231989,-0.04782764761396941,100.0,27.910614525139664
kr,kr.cheap_value,B_moderate2,5,recent,14,58,58,0,14,14,0,44,0.04167693810372767,0.03384860082509065,0.8863636363636364,-0.04380710614679183,-4.539380936951882,0.1590909090909091,0.03409862811003415,0.0270096144315591,0.8103448275862069,-0.02210655235762393,0.09944885971992301,5.210581625522675,-0.024212425539373812,-0.02363601194707395,0.29310344827586204,-2.6108630112042417,0.04167693810372767,0.04640554713069421,0.006346536143501592,0.06143411025403774,-0.01865768482355863,100.0,5.9655172413793105
kr,kr.cheap_value,B_moderate2,20,earlier,36,358,358,0,39,39,0,319,0.04664776329393678,0.015929203539823,0.5862068965517241,0.13223135068845585,9.44218004622258,0.877742946708464,0.0438496778937832,0.01795961885647985,0.5977653631284916,-0.05866950271380369,0.10407832763053856,3.6016409064248553,0.11237013826531612,0.10066551494793255,0.8016759776536313,8.731949952233771,0.04664776329393678,0.11638479334736235,-0.05166606664864581,0.16563669546736398,-0.08285849881906719,100.0,27.910614525139664
kr,kr.cheap_value,B_moderate2,20,recent,14,58,58,0,58,58,0,0,,,,,,,0.020615400422492627,0.02524114006672145,0.6551724137931034,-0.06582299788577817,0.10179149135109855,2.607560644904137,-0.019077493011227152,-0.014392125373367,0.41379310344827586,-1.8131019743772347,,0.06836771410012372,-0.006501303720741654,0.08584785675477165,-0.033058924771967826,100.0,5.9655172413793105
kr,kr.cheap_value,none,5,earlier,36,360,360,0,2,0,2,360,0.007409441014455124,-0.0017821942052108999,0.4861111111111111,0.030407465280960607,7.994400548566193,0.675,0.007409441014455124,-0.0017821942052108999,0.4861111111111111,-0.08018775892021919,0.10699564573235436,1.604540586207088,0.030407465280960607,0.02951131249404345,0.675,7.994400548566193,0.006262682331390524,0.042972425807809064,-0.03654239137876584,0.07964549808272191,-0.06643034066378718,100.0,100.0
kr,kr.cheap_value,none,5,recent,15,150,150,0,40,40,0,110,0.024424797412059454,0.0185515674920128,0.6454545454545455,-0.018180459341273825,-3.543365323703621,0.4,0.011571519759288707,0.0,0.49333333333333335,-0.054189704735773794,0.09411111048892913,2.4306432386050623,-0.010237426548563189,-0.0028989860543546997,0.4533333333333333,-2.444131917498394,0.024424797412059454,0.03282922960864355,-0.012398260398601323,0.06048294573786964,-0.03767178884091973,100.0,100.0
kr,kr.cheap_value,none,20,earlier,36,360,360,0,43,40,3,320,0.012549075936953934,0.0005760368663594,0.5,0.0984465044207525,16.936064242135387,0.85,0.015668744575601037,0.00539816084223595,0.525,-0.0880395111882842,0.12552640176146,3.04861982796747,0.08387911214611944,0.0853362080390772,0.8,14.522927308487484,0.010842038536004938,0.09215881695309712,-0.08133989686280177,0.13948640980242846,-0.11677618532862005,100.0,100.0
kr,kr.cheap_value,none,20,recent,15,150,150,0,150,150,0,0,,,,,,,-0.008343156108276961,-0.0075097785312846,0.34,-0.08822511068225672,0.0835106382978722,-1.6359675972869505,-0.01005474862448538,0.004863888036440202,0.5266666666666666,-1.9700727609425817,,0.043430482644194114,-0.02396730442993565,0.07554499262983952,-0.055275193845603865,100.0,100.0
kr,kr.consecutive_gainers,A_strong,5,earlier,3,5,5,0,0,0,0,5,0.00057604109579638,0.0005937825351705,1.0,-0.006453674576906679,-1.0061429277764535,0.2,0.00057604109579638,0.0005937825351705,1.0,0.00054557064547648,0.0005976561788008399,46.796969185310246,-0.006453674576906679,-0.0089101401273345,0.2,-1.0061429277764535,0.00057604109579638,0.00057604109579638,0.0001450557294964858,0.00057604109579638,0.0001411813847645143,22.6,1.8
kr,kr.consecutive_gainers,A_strong,20,earlier,3,5,5,0,0,0,0,5,0.00243169875059962,0.0024403258582264,1.0,0.09998369775926885,18.466305262188857,1.0,0.00243169875059962,0.0024403258582264,1.0,0.0023127297299678,0.00254558836358536,42.779713231626666,0.09998369775926885,0.1087614167013515,1.0,18.466305262188857,0.00243169875059962,0.00243169875059962,0.0001450557294964858,0.0024326329170849003,0.0001411813847645143,22.6,1.8
kr,kr.consecutive_gainers,B_moderate2,5,earlier,5,10,10,0,0,0,0,10,-0.033950858183263,0.000546042083237,0.6,0.005096391152531313,0.5373824348156522,0.4,-0.033950858183263,0.000546042083237,0.6,-0.10833136819823407,0.0022646430053964444,-1.970857530587994,0.005096391152531313,-0.006308538892076451,0.4,0.5373824348156522,-0.033950858183263,-0.0017275982312420202,-0.034316726806262576,0.00809887905913365,-0.039423886266963304,61.3,2.2
kr,kr.consecutive_gainers,B_moderate2,20,earlier,5,10,10,0,0,0,0,10,-0.01404803360415742,0.00242383644539985,0.7,0.10122828620147568,19.721937488862213,1.0,-0.01404803360415742,0.00242383644539985,0.7,-0.06919628553361411,0.022347368421052654,-1.1190294862044452,0.10122828620147568,0.1082057897829482,1.0,19.721937488862213,-0.01404803360415742,0.006839516310445301,-0.041183873827076924,0.017490708804364388,-0.04911240050193615,61.3,2.2
kr,kr.consecutive_gainers,none,5,earlier,36,360,360,0,0,0,0,360,-0.011161996375825713,-0.0002936216573295646,0.5,0.011836027890679768,1.2685736533632057,0.49444444444444446,-0.011161996375825713,-0.0002936216573295646,0.5,-0.20104921394395073,0.13964590856864553,-1.228298653698201,0.011836027890679768,-0.0007283212022716999,0.49444444444444446,1.2685736533632057,-0.011161996375825713,0.057973402355215954,-0.06971183650211453,0.10964997378560645,-0.10566005436296572,46.0,46.0
kr,kr.consecutive_gainers,none,5,recent,15,150,150,0,40,40,0,110,-0.0075907800199718975,-0.0016214681782825,0.4727272727272727,-0.050196036773305176,-3.3532738702214098,0.2636363636363636,-0.011677780031999319,-0.0025090211177157,0.4533333333333333,-0.15002199143491474,0.08029997952358194,-1.0357794400675333,-0.03348672633985122,-0.04425229457204806,0.35333333333333333,-2.864313783235059,-0.0075907800199718975,0.042459528599315906,-0.0584344235346687,0.1115022750050339,-0.09147344052635248,73.26666666666667,73.26666666666667
kr,kr.consecutive_gainers,none,20,earlier,36,360,360,0,40,40,0,320,-0.09480022305454887,-0.03928483910444,0.346875,-0.008902794570750296,-0.712760097136109,0.55625,-0.08153327966684788,-0.03523914495511645,0.37222222222222223,-0.3995246195165622,0.15375433557337995,-6.687229710969712,-0.013322912096329468,0.0156099989063079,0.5305555555555556,-1.165255558688218,-0.09480022305454887,0.10431177271140059,-0.16502289169676165,0.16266378890200914,-0.19484683962860597,46.0,46.0
kr,kr.consecutive_gainers,none,20,recent,15,150,150,0,150,150,0,0,,,,,,,-0.03366888352946939,-0.026663967611336,0.38,-0.1783819761698975,0.07415806485246586,-3.3614406923908766,-0.03538047604567782,-0.04092796530347525,0.3466666666666667,-3.382502158931767,,0.060326394701792956,-0.08158028498445608,0.13035935906650759,-0.11178998512877035,73.26666666666667,73.26666666666667
kr,kr.double_buy,A_strong,5,earlier,7,13,13,0,0,0,0,13,0.021835217820203038,0.0224605422905705,0.7692307692307693,-0.04089578054707484,-2.110392684428676,0.23076923076923078,0.021835217820203038,0.0224605422905705,0.7692307692307693,-0.020298004432026038,0.0649899776861692,2.2076780344537874,-0.04089578054707484,-0.009472212251345997,0.23076923076923078,-2.110392684428676,0.021835217820203038,0.04411804461868458,-0.0027502193827651034,0.06363843592748934,-0.01880713944931823,95.38461538461539,2.230769230769231
kr,kr.double_buy,A_strong,5,recent,1,1,1,0,1,1,0,0,,,,,,,0.0177142857142857,0.0177142857142857,1.0,0.0177142857142857,0.0177142857142857,,0.05478928046979489,0.05478928046979489,1.0,,,0.0177142857142857,-0.0171428571428571,0.0771428571428571,-0.042,100.0,1.0
kr,kr.double_buy,A_strong,20,earlier,7,13,13,0,3,3,0,10,-0.08539601605314275,-0.02116380887549455,0.4,0.0015178519619313212,0.03767159333047473,0.6,-0.06785520165717504,-0.0317704330002561,0.38461538461538464,-0.2751639319167022,0.04050301810865196,-1.911460325101496,-0.03806112401160743,-0.0530612312391599,0.46153846153846156,-1.0118950696237954,-0.08539601605314275,0.055188229606047634,-0.08534040734922826,0.07101103217447396,-0.09271636054672977,95.38461538461539,2.230769230769231
kr,kr.double_buy,A_strong,20,recent,1,1,1,0,1,1,0,0,,,,,,,0.0177142857142857,0.0177142857142857,1.0,0.0177142857142857,0.0177142857142857,,0.05478928046979489,0.05478928046979489,1.0,,,0.0177142857142857,-0.0171428571428571,0.0771428571428571,-0.042,100.0,1.0
kr,kr.double_buy,B_moderate2,5,earlier,27,165,165,0,0,0,0,165,0.025363644835952128,-0.0062015503875969,0.44242424242424244,0.020727660748377407,0.7645037702340024,0.5333333333333333,0.025363644835952128,-0.0062015503875969,0.44242424242424244,-0.06968696599486414,0.07635562269708604,0.9336123350258015,0.020727660748377407,0.0053562754154407,0.5333333333333333,0.7645037702340024,0.025363644835952128,0.06348860424705503,-0.0342407872777577,0.08815629101709484,-0.055514272204505326,94.2060606060606,11.0
kr,kr.double_buy,B_moderate2,5,recent,5,14,14,0,5,5,0,9,0.09447678373297669,0.0879284649776452,0.8888888888888888,-0.04771603789333145,-1.5950541637721165,0.3333333333333333,0.06522916940656026,0.0582583018685254,0.8571428571428571,-0.0003122994652406388,0.1525910576351753,3.270584232770859,-0.01954625053046243,-0.006802304271231446,0.5,-0.883386426863445,0.09447678373297669,0.07869169565865751,0.011177017458581073,0.10609114982158593,-0.014872105694935064,100.0,4.857142857142857
kr,kr.double_buy,B_moderate2,20,earlier,27,165,165,0,24,24,0,141,0.0074681002241946005,-0.0201511335012594,0.425531914893617,0.06790605953257836,1.7179814081503304,0.6312056737588653,0.007583696924756057,-0.0220909886264216,0.4303030303030303,-0.17343017497523927,0.09871923322992238,0.2255110235705435,0.043228801814479675,0.016004038903805112,0.5515151515151515,1.2657710831754854,0.0074681002241946005,0.10951462277547057,-0.10469433549588464,0.14700385314805053,-0.1259064586784629,94.2060606060606,11.0
kr,kr.double_buy,B_moderate2,20,recent,5,14,14,0,14,14,0,0,,,,,,,0.06316170060661164,0.0482460044546532,0.8571428571428571,0.0028877005347593106,0.16917910055229257,3.008193651190556,-0.022320229272611646,-0.004080217741932398,0.5,-0.8200530907741008,,0.12637830437672645,0.010257497346147572,0.1749788557196418,-0.015413231236060601,100.0,4.857142857142857
kr,kr.double_buy,none,5,earlier,35,350,350,0,0,0,0,350,-0.08518111586989274,-0.11057430468439244,0.2542857142857143,-0.0631197239202905,-4.38519642199179,0.2857142857142857,-0.08518111586989274,-0.11057430468439244,0.2542857142857143,-0.3061702016780447,0.133165615264688,-5.993725817863277,-0.0631197239202905,-0.0958773136640509,0.2857142857142857,-4.38519642199179,-0.08518111586989274,0.06665357211821722,-0.15683930765282492,0.1836747036517317,-0.1927525796219652,95.8,95.8
kr,kr.double_buy,none,5,recent,15,150,150,0,40,40,0,110,-0.002522971925006946,-0.0024184255990933497,0.4818181818181818,-0.04512822867834023,-2.4262097922401398,0.35454545454545455,-0.014035564378883354,-0.01345764854614405,0.4533333333333333,-0.2265865208909204,0.18241605828290985,-0.9673231056809392,-0.03584451068673525,-0.043616478981790746,0.3933333333333333,-2.4685726746602876,-0.002522971925006946,0.060792471108839265,-0.07510857164645653,0.15715711634242224,-0.11941025863263066,100.0,100.0
kr,kr.double_buy,none,20,earlier,35,350,350,0,40,40,0,310,-0.15092313585209874,-0.20669265756985056,0.23548387096774193,-0.06642175530448391,-3.3876998463893164,0.3064516129032258,-0.15265988160499136,-0.2016824952388159,0.23714285714285716,-0.48539669633464905,0.17298561778165183,-8.399364465235463,-0.08619135823261513,-0.1359846138641887,0.29428571428571426,-4.724709278231414,-0.15092313585209874,0.1730536075647124,-0.2958784285067378,0.2965024732249322,-0.32861292769792827,95.8,95.8
kr,kr.double_buy,none,20,recent,15,150,150,0,150,150,0,0,,,,,,,-0.031484886297809794,-0.038872726482711506,0.38,-0.24572552877520895,0.13009487407002918,-1.9249043585836305,-0.033196478814018215,-0.04000358622044456,0.38666666666666666,-2.0306559455052144,,0.09488214587953621,-0.10352752188505718,0.19652109921692265,-0.14364865428015344,100.0,100.0
kr,kr.future_dividend_king,A_strong,5,earlier,6,7,7,0,0,0,0,7,0.02010993453282219,-0.0052576235541534,0.2857142857142857,0.0326617848415024,1.4030360537437843,0.5714285714285714,0.02010993453282219,-0.0052576235541534,0.2857142857142857,-0.01904008490756996,0.0856119182398446,0.8970311128199479,0.0326617848415024,0.0282174423309154,0.5714285714285714,1.4030360537437843,0.02010993453282219,0.028253040633568333,-0.0051043670361747145,0.039983776663854005,-0.01792085700716367,12.571428571428571,1.2857142857142858
kr,kr.future_dividend_king,A_strong,20,earlier,6,7,7,0,0,0,0,7,0.04604279624980891,0.0133060388945751,0.8571428571428571,0.15377592310625474,6.381237032641653,1.0,0.04604279624980891,0.0133060388945751,0.8571428571428571,0.0025289722729536415,0.12469268804729147,1.7533571893468818,0.15377592310625474,0.1424809534000694,1.0,6.381237032641653,0.04604279624980891,0.0710048116125754,-0.005253955667438728,0.17969884989105928,-0.01792085700716367,12.571428571428571,1.2857142857142858
kr,kr.future_dividend_king,B_moderate2,5,earlier,35,139,139,0,0,0,0,139,0.006798970147640668,0.0051072522982635,0.5539568345323741,0.018762587113951838,3.7087579425971593,0.7050359712230215,0.006798970147640668,0.0051072522982635,0.5539568345323741,-0.04445083910771418,0.07075667189952904,1.545620408341723,0.018762587113951838,0.0222818541231748,0.7050359712230215,3.7087579425971593,0.006798970147640668,0.02716762271247839,-0.02127484457137829,0.0470970319853653,-0.04188430408728094,13.474820143884893,4.899280575539568
kr,kr.future_dividend_king,B_moderate2,5,recent,13,27,27,0,8,8,0,19,-0.005001195084654654,0.0,0.47368421052631576,-0.05200724489375352,-4.787940118795653,0.10526315789473684,-0.01141065645810205,-0.0070921985815602,0.4444444444444444,-0.060729867782920555,0.017677562871051083,-1.8275613642562714,-0.03514548450588128,-0.0227675249295302,0.25925925925925924,-3.7242807303532333,-0.005001195084654654,0.012857439667176751,-0.02734131349619106,0.04356271901204659,-0.04357667889599722,18.51851851851852,2.4074074074074074
kr,kr.future_dividend_king,B_moderate2,20,earlier,35,139,139,0,13,13,0,126,-0.009361910994871768,-0.006470223999866,0.4365079365079365,0.06964865861397175,7.859652799844737,0.8095238095238095,-0.007881885030867015,-0.0066312997347479,0.43884892086330934,-0.13068771190587206,0.08070297783192071,-1.1264821401055165,0.054552287546618485,0.0662783495980228,0.7553956834532374,5.862173895253539,-0.009361910994871768,0.06033286323164269,-0.06099801134695112,0.10242337466224062,-0.08325632778539276,13.474820143884893,4.899280575539568
kr,kr.future_dividend_king,B_moderate2,20,recent,13,27,27,0,27,27,0,0,,,,,,,-0.04045371947988453,-0.0508744038155802,0.14814814814814814,-0.06920017387524441,0.0030136520704695433,-7.406902709560935,-0.04263454779263065,-0.0384940664248608,0.25925925925925924,-3.978322743156289,,0.01667225291697853,-0.04319532794762776,0.04919340735135672,-0.06232636228131438,18.51851851851852,2.4074074074074074
kr,kr.future_dividend_king,none,5,earlier,36,360,360,0,0,0,0,360,-0.005853607250347044,-0.0055388949821420005,0.4388888888888889,0.017144417016158438,5.625861827197495,0.6527777777777778,-0.005853607250347044,-0.0055388949821420005,0.4388888888888889,-0.07342459396751738,0.06929384203480585,-1.986557917902202,0.017144417016158438,0.01918052386160695,0.6527777777777778,5.625861827197495,-0.005853607250347044,0.025343957451281963,-0.03211798977374463,0.04904648387832828,-0.052647416588419885,13.38888888888889,13.38888888888889
kr,kr.future_dividend_king,none,5,recent,14,140,140,0,30,30,0,110,0.00710053594012205,0.007914780746581,0.5636363636363636,-0.03550472081321123,-6.9880049879390445,0.20909090909090908,-0.00178021805659068,-0.0041771349477748,0.45,-0.04709860935524645,0.0459055220433195,-0.49025828722252685,-0.027173823760292645,-0.020528395996621096,0.29285714285714287,-6.198926427274482,0.00710053594012205,0.019965535956652715,-0.017862994626514958,0.035122195063883435,-0.03249993413340277,18.285714285714285,18.285714285714285
kr,kr.future_dividend_king,none,20,earlier,36,360,360,0,40,40,0,320,-0.02899188317289953,-0.018551607560184202,0.365625,0.05690554531089903,9.863514234839503,0.709375,-0.026411855055517894,-0.018551607560184202,0.37222222222222223,-0.14924452395739674,0.06703538894252965,-6.044257707432525,0.04179851251500052,0.042928544656637285,0.6527777777777778,7.22330953745155,-0.02899188317289953,0.04859291289511563,-0.07648195107536172,0.08100319467757972,-0.0991123690584313,13.38888888888889,13.38888888888889
kr,kr.future_dividend_king,none,20,recent,14,140,140,0,140,140,0,0,,,,,,,-0.025831556686832825,-0.0270254760455612,0.2,-0.08125,0.016245396909760474,-6.81199589751264,-0.029692283328059642,-0.011668920249147048,0.37142857142857144,-5.412452389592544,,0.027441995525013252,-0.03325752305235218,0.04625289919736903,-0.046679434973953916,18.285714285714285,18.285714285714285
kr,kr.growth_expectation_toss,A_strong,5,earlier,6,8,8,0,0,0,0,8,0.04528350843194244,0.0560880829015544,0.875,0.038862189778876705,2.468847088836275,0.875,0.04528350843194244,0.0560880829015544,0.875,-0.002693255054658649,0.08641747017126747,3.1642133555288683,0.038862189778876705,0.04067790952929915,0.875,2.468847088836275,0.04528350843194244,0.056780536874712864,-0.004480998180915036,0.09318330964993092,-0.0511829847133687,100.0,1.5
kr,kr.growth_expectation_toss,A_strong,20,earlier,6,8,8,0,0,0,0,8,0.016985191269873176,0.0485719016474873,0.625,0.13976786804493538,2.8762604856756235,0.75,0.016985191269873176,0.0485719016474873,0.625,-0.17450196402096993,0.15642980748431742,0.33516308717577775,0.13976786804493538,0.19524216482009893,0.75,2.8762604856756235,0.016985191269873176,0.14785154910371046,-0.05507536289273126,0.19196923738594524,-0.07884778670642968,100.0,1.5
kr,kr.growth_expectation_toss,B_moderate2,5,earlier,36,351,351,0,0,0,0,351,0.008560794842700243,0.005859375,0.5754985754985755,0.030428058228155076,8.80851336964732,0.7094017094017094,0.008560794842700243,0.005859375,0.5754985754985755,-0.0652631578947368,0.0870406189555126,2.1797183050907676,0.030428058228155076,0.031140613174077496,0.7094017094017094,8.80851336964732,0.008560794842700243,0.03861131663707309,-0.03201107749471164,0.06582055221924026,-0.05949541905262381,100.0,21.723646723646723
kr,kr.growth_expectation_toss,B_moderate2,5,recent,10,37,37,0,2,2,0,35,0.06419138441580258,0.041044776119403,0.8571428571428571,-0.020317556020338273,-1.2460083699493896,0.2857142857142857,0.06355805805187556,0.041044776119403,0.8648648648648649,-0.010141359443377419,0.12994943904263268,4.008721728486339,-0.014378777779311229,-0.0381953862766051,0.32432432432432434,-0.9004704289942745,0.06419138441580258,0.07816012499803915,0.014563605270237496,0.10772741777685811,-0.009898114739909885,100.0,4.945945945945946
kr,kr.growth_expectation_toss,B_moderate2,20,earlier,36,351,351,0,39,39,0,312,0.001518731629674086,-0.00188575287928335,0.4807692307692308,0.08745718174321053,15.85767592514328,0.8141025641025641,0.00871363848627236,0.0024420024420024,0.5071225071225072,-0.1037974683544303,0.1233859397417502,1.5414208385444836,0.07720924210331107,0.07449534421979209,0.7692307692307693,13.99633867646866,0.001518731629674086,0.09017750678742688,-0.07743987378622887,0.12671726078110654,-0.10506430255261734,100.0,21.723646723646723
kr,kr.growth_expectation_toss,B_moderate2,20,recent,10,37,37,0,37,37,0,0,,,,,,,0.07287599679618935,0.0663924794359576,0.7027027027027027,-0.03834830518624982,0.21246110344454355,4.202793843441895,0.018534485374061677,-0.002796542418603401,0.4864864864864865,1.0401561519127611,,0.11607640925574361,0.006587794029312358,0.15463970180082598,-0.016587324317768673,100.0,4.945945945945946
kr,kr.growth_expectation_toss,none,5,earlier,36,360,360,0,0,0,0,360,0.00032312424352221405,0.0,0.49722222222222223,0.023321148510027694,5.172123599834809,0.6166666666666667,0.00032312424352221405,0.0,0.49722222222222223,-0.10918972559970694,0.10544829786711815,0.06237818870926563,0.023321148510027694,0.0213665992837809,0.6166666666666667,5.172123599834809,0.00032312424352221405,0.04654802442265079,-0.044899293974651436,0.08386413727463551,-0.0735171806669366,100.0,100.0
kr,kr.growth_expectation_toss,none,5,recent,15,150,150,0,40,40,0,110,0.026841388701833727,0.0182964623178134,0.6181818181818182,-0.015763868051499548,-2.3254121735098034,0.35454545454545455,0.011562688982618703,0.0013714523005976,0.5066666666666667,-0.07718163045937998,0.12358990457056751,1.5766631270733389,-0.01024625732523319,-0.016301400814143847,0.37333333333333335,-1.7470155660992164,0.026841388701833727,0.04062414446473566,-0.02265936187737474,0.06734607906526108,-0.05093732940554631,100.0,100.0
kr,kr.growth_expectation_toss,none,20,earlier,36,360,360,0,40,40,0,320,-0.01056063059717236,-0.0067226625264032,0.465625,0.0753367978866262,13.515204790713911,0.775,-0.007086363693978202,-0.00229817557982245,0.4777777777777778,-0.13046295787797244,0.1180403615237393,-1.308662055541807,0.06112400387654021,0.0564227552979054,0.7055555555555556,11.204670577288269,-0.01056063059717236,0.10222533618267021,-0.10049601471266582,0.15056876667319294,-0.12758848509973061,100.0,100.0
kr,kr.growth_expectation_toss,none,20,recent,15,150,150,0,150,150,0,0,,,,,,,-0.02212223431812756,-0.031837209886151005,0.3,-0.09572645210679075,0.07644030392544753,-3.4476627726591187,-0.02383382683433599,-0.027572425215586803,0.2866666666666667,-3.6613469064640514,,0.053348120799771144,-0.045913882360645676,0.08399576111901531,-0.07229538136976452,100.0,100.0
kr,kr.high_volume_surge,A_strong,5,earlier,7,13,13,0,0,0,0,13,-0.009761157184303905,-0.0192214700193423,0.3076923076923077,-0.0006787377653756387,-0.03077489170839351,0.6153846153846154,-0.009761157184303905,-0.0192214700193423,0.3076923076923077,-0.03802028616347754,0.02666459571324987,-1.4512836974916172,-0.0006787377653756387,0.0226159963278041,0.6153846153846154,-0.03077489170839351,-0.009761157184303905,0.004908002485488192,-0.033611047809635516,0.00842181231843023,-0.03422750123056729,100.0,2.076923076923077
kr,kr.high_volume_surge,A_strong,5,recent,2,3,3,0,3,3,0,0,,,,,,,-0.017736585204811032,-0.0140607424071991,0.0,-0.02355673081150094,-0.0133867767171659,-4.321482122040665,0.013539269869724766,0.01431554282685,1.0,11.080079832506172,,-0.013106098077565234,-0.017736585204811032,-0.008096734363097867,-0.022800650113901328,100.0,1.6666666666666667
kr,kr.high_volume_surge,A_strong,20,earlier,7,13,13,0,9,9,0,4,-0.025476368242982574,-0.02882497389624605,0.0,-0.04597227854549632,-2.8588624236550357,0.0,-0.023883056716265602,-0.0232955371420264,0.0,-0.03380460062914182,-0.011272211326572098,-8.787785013625658,-0.07645073565946164,-0.0546645359537893,0.0,-5.326459117995337,-0.025476368242982574,0.015780765655488447,-0.03774080113795696,0.018858311864576923,-0.038062698306911405,100.0,2.076923076923077
kr,kr.high_volume_surge,A_strong,20,recent,2,3,3,0,3,3,0,0,,,,,,,-0.017736585204811032,-0.0140607424071991,0.0,-0.02355673081150094,-0.0133867767171659,-4.321482122040665,0.013539269869724766,0.01431554282685,1.0,11.080079832506172,,-0.013106098077565234,-0.017736585204811032,-0.008096734363097867,-0.022800650113901328,100.0,1.6666666666666667
kr,kr.high_volume_surge,B_moderate2,5,earlier,34,228,228,0,0,0,0,228,-0.01741646830483454,-0.01692427847441895,0.3991228070175439,-0.00126753377989904,-0.2654730035112437,0.5043859649122807,-0.01741646830483454,-0.01692427847441895,0.3991228070175439,-0.12118500609629569,0.08068980686850033,-3.3726963100881258,-0.00126753377989904,0.0008708869464390499,0.5043859649122807,-0.2654730035112437,-0.01741646830483454,0.04372706617963996,-0.06096925469554804,0.07706258468240257,-0.08759313909337953,100.0,10.0
kr,kr.high_volume_surge,B_moderate2,5,recent,12,32,32,0,13,13,0,19,0.08208983913822265,0.0247607157719518,0.8421052631578947,-0.006456275280948273,-0.3254906566769941,0.3684210526315789,0.04230451643820875,-0.0006363417562317501,0.5,-0.02355750487329426,0.23556631753623736,2.35035079110589,0.003102165673939403,0.011174206069133446,0.625,0.2591452802323616,0.08208983913822265,0.07306416812852291,0.010865761073794715,0.08822529942995855,-0.006843967572775975,100.0,3.75
kr,kr.high_volume_surge,B_moderate2,20,earlier,34,228,228,0,27,27,0,201,-0.07714572933088834,-0.0950441276306857,0.29850746268656714,-0.00899074427748326,-0.6755872775010127,0.373134328358209,-0.06182219113109375,-0.05579763343289025,0.32894736842105265,-0.2530593050153791,0.12502004494832816,-5.252010020697558,-0.009796758071742363,-0.031023461924680293,0.38596491228070173,-0.8250208104597884,-0.07714572933088834,0.07993453480965285,-0.176500223591969,0.11197019074948344,-0.2019326237412162,100.0,10.0
kr,kr.high_volume_surge,B_moderate2,20,recent,12,32,32,0,32,32,0,0,,,,,,,0.04775038380012088,-0.011013529605585201,0.28125,-0.02592474006733627,0.25583678643990443,2.1656825048110315,0.01708089776213322,0.01385316352802175,0.6875,1.1957218040247088,,0.09673235209960662,0.004801591772821622,0.11146492463223057,-0.012294646623358944,100.0,3.75
kr,kr.high_volume_surge,none,5,earlier,36,360,360,0,0,0,0,360,-0.02815702245929633,-0.03952941947381475,0.4083333333333333,-0.005158998192790851,-0.4249471600910919,0.475,-0.02815702245929633,-0.03952941947381475,0.4083333333333333,-0.3029712530283287,0.26484994941175494,-2.357706142926916,-0.005158998192790851,-0.017435554593387498,0.475,-0.4249471600910919,-0.02815702245929633,0.1128409060932861,-0.1346777010322658,0.17637593543308586,-0.18005575423565354,100.0,100.0
kr,kr.high_volume_surge,none,5,recent,15,150,150,0,40,40,0,110,-0.004594829110338681,-0.0074692116921381,0.45454545454545453,-0.04720008586367196,-2.6056468503046792,0.4,-0.019609689221578585,-0.024366471734892703,0.4,-0.18244220509780668,0.18554365771970358,-1.280104674559827,-0.04141863552943049,-0.024840495232814303,0.43333333333333335,-2.743285853608625,-0.004594829110338681,0.06052489760667682,-0.07186699874127517,0.11511704081513474,-0.10855214167791938,100.0,100.0
kr,kr.high_volume_surge,none,20,earlier,36,360,360,0,40,40,0,320,-0.12112932132363452,-0.13775120814284525,0.325,-0.035231892839835965,-1.5655141711845049,0.36875,-0.11317115066747702,-0.13230411559005495,0.3388888888888889,-0.5606760910159273,0.355153111012113,-5.637929285837884,-0.04496078309695862,-0.11248052469539781,0.37222222222222223,-2.162389727622154,-0.12112932132363452,0.2737088709921644,-0.30305746694390434,0.35100164693904534,-0.3433114689145497,100.0,100.0
kr,kr.high_volume_surge,none,20,recent,15,150,150,0,150,150,0,0,,,,,,,-0.027236836783957396,-0.044610576942806304,0.36,-0.2291666666666666,0.2149725274725271,-1.477668222233942,-0.028948429300165817,-0.026801967990438155,0.44666666666666666,-1.6195787807680895,,0.08435184564804916,-0.09856219095709315,0.1399523505980449,-0.13303673866911556,100.0,100.0
kr,kr.high_yield_value,A_strong,5,earlier,11,18,18,0,0,0,0,18,0.04707230472392491,0.033359456635318654,0.6111111111111112,0.026779874949869734,1.3514572419727127,0.6111111111111112,0.04707230472392491,0.033359456635318654,0.6111111111111112,-0.04416179116412337,0.13938572806171648,2.613371502007956,0.026779874949869734,0.04163527091821506,0.6111111111111112,1.3514572419727127,0.04707230472392491,0.06936492115348596,-0.011546416240103373,0.0951965903078981,-0.03189364508901221,100.0,1.7777777777777777
kr,kr.high_yield_value,A_strong,5,recent,4,4,4,0,0,0,0,4,-0.03381688451828727,-0.03957915831663325,0.0,-0.08779089215656437,-2.7792305535076323,0.0,-0.03381688451828727,-0.03957915831663325,0.0,-0.05360721442885767,-0.009416735569040095,-2.747273970024514,-0.08779089215656437,-0.07470841923502015,0.0,-2.7792305535076323,-0.03381688451828727,0.00024299347946645,-0.038817895531322325,0.006000762764289749,-0.04432816682315675,100.0,1.0
kr,kr.high_yield_value,A_strong,20,earlier,11,18,18,0,1,1,0,17,-0.02678996397578937,-0.0613953488372093,0.29411764705882354,0.07911906745705899,4.61936615669083,0.9411764705882353,-0.02780413514630357,-0.056802092089287354,0.2777777777777778,-0.09504838760404112,0.08151892575654376,-1.5394915772345275,0.06687953892150482,0.04514954074171544,0.8888888888888888,3.3006575134552,-0.02678996397578937,0.0775624057128379,-0.05998630135086399,0.10358284581345081,-0.07587640785590621,100.0,1.7777777777777777
kr,kr.high_yield_value,A_strong,20,recent,4,4,4,0,4,4,0,0,,,,,,,-0.04480439400279077,-0.0440881763527054,0.0,-0.046093585772944444,-0.0440881763527054,-62.55695317959564,-0.07237098981672749,-0.028505871518299947,0.0,-1.3847233835970276,,0.00024299347946645,-0.055818179816175754,0.006000762764289749,-0.06683196562956073,100.0,1.0
kr,kr.high_yield_value,B_moderate2,5,earlier,36,347,347,0,0,0,0,347,0.06507962555998087,0.0059701492537314,0.5389048991354467,0.08514921779141503,3.3739580357264924,0.7118155619596542,0.06507962555998087,0.0059701492537314,0.5389048991354467,-0.07709388815306242,0.09798764462950954,2.557326286959511,0.08514921779141503,0.0259629538384636,0.7118155619596542,3.3739580357264924,0.06507962555998087,0.09901423415693157,-0.03659564547685936,0.131139223564879,-0.06350567918285141,100.0,21.979827089337174
kr,kr.high_yield_value,B_moderate2,5,recent,13,38,38,0,16,16,0,22,0.04670319116153627,0.03314226459659525,0.6818181818181818,-0.053895750569754,-3.055244256860809,0.18181818181818182,0.024437208031796564,0.00220853812928205,0.5789473684210527,-0.05160320641282563,0.12087228159092171,1.9097899121875677,-0.021291632296800672,-3.1074392778191124e-05,0.5,-1.7411131144794965,0.04670319116153627,0.04092766426972071,-0.0006119164564669199,0.061916796704421906,-0.029282702258313795,100.0,6.157894736842105
kr,kr.high_yield_value,B_moderate2,20,earlier,36,347,347,0,38,38,0,309,0.08279044973711754,0.010568031704095,0.5339805825242718,0.16868747782227744,5.862752027778346,0.8252427184466019,0.07737086652247241,0.0131233595800523,0.5417867435158501,-0.10413341678401915,0.16704375225993115,3.0785386197613067,0.14550040929831368,0.08961735079457171,0.7665706051873199,5.612695087897693,0.08279044973711754,0.1844326813642498,-0.08507593061627668,0.22158572799130938,-0.11542738325992692,100.0,21.979827089337174
kr,kr.high_yield_value,B_moderate2,20,recent,13,38,38,0,38,38,0,0,,,,,,,0.016647849841979555,-0.00828769946417005,0.42105263157894735,-0.07037309769268528,0.11983859170644032,0.8325533614199597,-0.021332295908939775,0.0010011948836390998,0.5263157894736842,-1.18468463219118,,0.0720574601720041,-0.01774430094220345,0.09936277742500688,-0.04922412877854764,100.0,6.157894736842105
kr,kr.high_yield_value,none,5,earlier,36,360,360,0,0,0,0,360,0.0007783276311770205,-0.010606443994601849,0.41944444444444445,0.023776351897682506,2.905637082661673,0.5166666666666667,0.0007783276311770205,-0.010606443994601849,0.41944444444444445,-0.1509691119691119,0.14719669117647055,0.0896152623999918,0.023776351897682506,0.0025369672264634498,0.5166666666666667,2.905637082661673,0.0007783276311770205,0.06670876076518927,-0.06833670521758752,0.12667756618383974,-0.10655883633597885,100.0,100.0
kr,kr.high_yield_value,none,5,recent,15,150,150,0,40,40,0,110,0.0584109334510151,0.047751745435016105,0.5909090909090909,0.015805676697681813,1.5438531603637466,0.4909090909090909,0.035087165954357596,0.0111784722288923,0.5266666666666666,-0.0944322086667743,0.19995884290002877,3.364315041370738,0.013278219646505699,0.0056325651311783485,0.5066666666666667,1.6404268105136717,0.0584109334510151,0.07403294099334853,-0.015891706701668867,0.10976100522204076,-0.05096356132626823,100.0,100.0
kr,kr.high_yield_value,none,20,earlier,36,360,360,0,40,40,0,320,0.019976417467029394,-0.0517848904267589,0.4,0.10587384595082794,5.560001418787174,0.6,0.03293996784842443,-0.0211603034448451,0.4361111111111111,-0.2827572100385781,0.3541638777410986,1.8604075025170395,0.10115033541894283,0.03939399686144754,0.6083333333333333,5.81287912694227,0.019976417467029394,0.21019481727658917,-0.16676986305256591,0.2788435396807321,-0.20777799200427335,100.0,100.0
kr,kr.high_yield_value,none,20,recent,15,150,150,0,150,150,0,0,,,,,,,0.031845843320359626,-0.0062310363058975995,0.4533333333333333,-0.12101886919066729,0.2676190476190475,2.307426319438119,0.030134250804151202,0.00479866597731235,0.5066666666666667,2.5734544541013835,,0.11767482315458912,-0.033636680588924904,0.16118934119364456,-0.06460086298458684,100.0,100.0
kr,kr.investor_flow_momentum,A_strong,5,earlier,1,1,1,0,0,0,0,1,-0.0247644093797939,-0.0247644093797939,0.0,0.0228467920295777,,1.0,-0.0247644093797939,-0.0247644093797939,0.0,-0.0247644093797939,-0.0247644093797939,,0.0228467920295777,0.0228467920295777,1.0,,-0.0247644093797939,-0.0224267660165096,-0.0463145591350719,-0.0122361019796917,-0.0464971875228285,100.0,1.0
kr,kr.investor_flow_momentum,A_strong,5,recent,3,3,3,0,2,2,0,1,-0.028969957081545,-0.028969957081545,0.0,-0.0846846145564681,,0.0,-0.023073725226406768,-0.0261904761904762,0.0,-0.02841406090333124,-0.01648668916385452,-5.040832926812435,-0.019828184388195037,0.010884518565032995,0.6666666666666666,-0.6111635272601189,-0.028969957081545,-0.0184339205866021,-0.03630691549822366,0.0006500054115883332,-0.0476825589934305,100.0,1.0
kr,kr.investor_flow_momentum,A_strong,20,earlier,1,1,1,0,1,1,0,0,,,,,,,-0.039557308788078,-0.039557308788078,0.0,-0.039557308788078,-0.039557308788078,,-0.0546645359537893,-0.0546645359537893,0.0,,,0.0011688216816421,-0.0463145591350719,0.0042735042735042,-0.0464971875228285,100.0,1.0
kr,kr.investor_flow_momentum,A_strong,20,recent,3,3,3,0,3,3,0,0,,,,,,,-0.042029376156306635,-0.0261904761904762,0.0,-0.07390762313509092,-0.01648668916385452,-1.8947615380785603,-0.021007655863176763,0.010884518565032995,0.6666666666666666,-0.6248135760632023,,-0.008419614434956901,-0.04667887544099903,0.0074454274430619345,-0.05662390377168511,100.0,1.0
kr,kr.investor_flow_momentum,B_moderate2,5,earlier,3,27,27,0,0,0,0,27,0.045460055605783284,0.0559006211180124,0.6296296296296297,-0.005747034239509263,-0.409598003549039,0.4444444444444444,0.045460055605783284,0.0559006211180124,0.6296296296296297,-0.047891283973758164,0.16754034671398738,2.5361477875731326,-0.005747034239509263,-0.003935190343205705,0.4444444444444444,-0.409598003549039,0.045460055605783284,0.05203551660023002,-0.07472226209634296,0.08253528961052795,-0.097822259278369,100.0,13.296296296296296
kr,kr.investor_flow_momentum,B_moderate2,5,recent,13,41,41,0,13,13,0,28,0.05117961103160322,0.02584871416701615,0.7142857142857143,-0.0343228116074643,-2.6782014848967273,0.35714285714285715,0.03489999288088837,0.0119981541301337,0.5853658536585366,-0.0351837372947615,0.1963007159904535,2.448864321025859,-0.014489227689206498,0.004147208622109199,0.5609756097560976,-1.407367402897883,0.05117961103160322,0.06604757964565879,0.009250968159514837,0.08819580040563986,-0.016255511479800797,100.0,4.365853658536586
kr,kr.investor_flow_momentum,B_moderate2,20,earlier,3,27,27,0,27,27,0,0,,,,,,,0.09232463572939194,0.062200956937799,0.7407407407407407,-0.050126137850166355,0.31361564723787577,3.367408656579003,0.009480826539070909,-0.03708978415619189,0.4444444444444444,0.3496282122945329,,0.18057086235883116,-0.07952030727646413,0.22436155153438067,-0.1022272050452825,100.0,13.296296296296296
kr,kr.investor_flow_momentum,B_moderate2,20,recent,13,41,41,0,41,41,0,0,,,,,,,0.02153975397506677,-0.0037558685446009,0.3902439024390244,-0.063157894736842,0.2130822596630326,1.210220031603894,-0.01311094571696835,0.004147208622109199,0.5609756097560976,-0.9360421859237666,,0.08577282378358667,-0.002970672799896433,0.11150528091342812,-0.027379394738210855,100.0,4.365853658536586
kr,kr.investor_flow_momentum,none,5,earlier,19,49,47,2,3,0,3,47,0.04660109492667773,0.014479171547725,0.574468085106383,0.007760021741907518,0.27479381220788657,0.5957446808510638,0.04660109492667773,0.014479171547725,0.574468085106383,-0.08891280489963525,0.30033461937046607,1.4722161422444695,0.007760021741907518,0.0177081119664779,0.5957446808510638,0.27479381220788657,0.08091078849720648,0.09081206396749365,-0.08799302792795807,0.14186139962621422,-0.11328479838104813,61.734693877551024,61.734693877551024
kr,kr.investor_flow_momentum,none,5,recent,13,130,130,0,30,30,0,100,0.03346358004586875,0.02488103966302955,0.59,-0.018957982934528887,-1.6165249493573297,0.33,0.021480811933942398,0.0061273602369492,0.5153846153846153,-0.10748591254859623,0.18701187843313324,2.0604850051792405,-0.012735589575571563,-0.020235837066206252,0.3769230769230769,-1.3325059113235447,0.03346358004586875,0.06115782276461626,-0.030879174828035698,0.1023884548699448,-0.058932044423798666,100.0,100.0
kr,kr.investor_flow_momentum,none,20,earlier,19,49,47,2,47,30,17,17,-0.1002225237319271,0.0,0.17647058823529413,0.017387496539536272,0.3009383081336249,0.7647058823529411,0.08628845614874889,0.0041841004184099,0.5531914893617021,-0.17334230183736324,0.4336445104183847,1.9675591412791844,0.07098572903636266,0.1006520675518591,0.6595744680851063,1.8769434035153394,,0.21380812605176042,-0.10485432267070252,0.2813914772116395,-0.12978179202300422,61.734693877551024,61.734693877551024
kr,kr.investor_flow_momentum,none,20,recent,13,130,130,0,130,130,0,0,,,,,,,0.005679947851796627,-0.017515150337969,0.36153846153846153,-0.12983814049423345,0.21541341969436303,0.43654410731680215,-0.005347199282744107,-0.020235837066206252,0.3769230769230769,-0.4402775337373358,,0.09019703436961468,-0.05094359302959396,0.14049086823073853,-0.07688432136211633,100.0,100.0
kr,kr.oversold_recovery,A_strong,5,earlier,22,38,38,0,0,0,0,38,-0.01053208339843494,-0.009449614753584749,0.10526315789473684,0.019457955665536403,1.7520036747448173,0.7368421052631579,-0.01053208339843494,-0.009449614753584749,0.10526315789473684,-0.02336216306954216,0.00015090543259554213,-6.991996517330488,0.019457955665536403,0.021649641945574248,0.7368421052631579,1.7520036747448173,-0.01053208339843494,-0.00041984264670331587,-0.012209655471418085,0.0032109767538935495,-0.01560145145412114,99.86842105263158,2.736842105263158
kr,kr.oversold_recovery,A_strong,5,recent,4,7,7,0,0,0,0,7,-0.008621459857975657,-0.0085701398285972,0.0,-0.07677289374207814,-7.529453738160747,0.0,-0.008621459857975657,-0.0085701398285972,0.0,-0.01101376404723286,-0.00593591553918804,-9.436762303654769,-0.07677289374207814,-0.0729988826373428,0.0,-7.529453738160747,-0.008621459857975657,-0.0012387340327146997,-0.0094957487775181,0.0005934230232342143,-0.012589809906604701,92.28571428571429,1.8571428571428572
kr,kr.oversold_recovery,A_strong,20,earlier,22,38,38,0,5,5,0,33,-0.029842440572401322,-0.0456862374929205,0.030303030303030304,0.007061230261833346,0.3514716573197017,0.42424242424242425,-0.03185643010253856,-0.04593721215305365,0.02631578947368421,-0.056935530282568876,-0.0022605635523839695,-7.712898963575395,-0.011749287076203494,-0.05628507697444775,0.3684210526315789,-0.6039866789608762,-0.029842440572401322,-0.00015429809633582376,-0.03485667978676768,0.004237005439484632,-0.03988904748472194,99.86842105263158,2.736842105263158
kr,kr.oversold_recovery,A_strong,20,recent,4,7,7,0,7,7,0,0,,,,,,,-0.025909578819684347,-0.0257336343115124,0.0,-0.027478315047556,-0.02433953356623542,-42.50743579708039,-0.06059191138063501,-0.052472216616993195,0.0,-4.3454195716306465,,-0.0012387340327146997,-0.025909578819684347,0.0005934230232342143,-0.030378720001437286,92.28571428571429,1.8571428571428572
kr,kr.oversold_recovery,B_moderate2,5,earlier,36,345,345,0,0,0,0,345,0.035758101381439464,-0.0029585798816568,0.4608695652173913,0.05625405240491117,2.5869931145554452,0.6376811594202898,0.035758101381439464,-0.0029585798816568,0.4608695652173913,-0.07950227005212708,0.0896993128445217,1.6618466293830276,0.05625405240491117,0.0208440496422199,0.6376811594202898,2.5869931145554452,0.035758101381439464,0.06890017986480686,-0.03808499892223668,0.10444820410188208,-0.0638370661881455,99.67246376811595,19.95072463768116
kr,kr.oversold_recovery,B_moderate2,5,recent,15,150,150,0,40,40,0,110,-0.003197575290148078,-0.00617483660130715,0.20909090909090908,-0.04580283204348136,-8.86203879656749,0.2727272727272727,-0.005695383981052357,-0.0078877031963924,0.15333333333333332,-0.02059137461021967,0.003043701506161486,-3.9733679460550873,-0.027504330288904248,-0.0074898812200164,0.44666666666666666,-6.0164658555140464,-0.003197575290148078,0.004393957333704449,-0.009822004100989795,0.010258807042680841,-0.014190775228558647,84.53333333333333,37.13333333333333
kr,kr.oversold_recovery,B_moderate2,20,earlier,36,345,345,0,40,40,0,305,0.09777780876275702,-0.0081632653061224,0.419672131147541,0.1825703997250889,4.2830602721394015,0.7573770491803279,0.08955610172891203,-0.0074999999999999,0.4289855072463768,-0.1226848157015754,0.1718145845110233,2.4029076904928997,0.15602072623349844,0.05959877230530601,0.6956521739130435,4.114396565993082,0.09777780876275702,0.19551067432549682,-0.09232379194311176,0.25210538106111924,-0.1228444434237521,99.67246376811595,19.95072463768116
kr,kr.oversold_recovery,B_moderate2,20,recent,15,150,150,0,150,150,0,0,,,,,,,-0.02359978370548939,-0.0216940700538721,0.02,-0.03225276783388164,-0.007458876683887301,-10.449011872262151,-0.025311376221697823,-0.001831734687850901,0.4866666666666667,-4.6278860976296325,,0.00454907480364798,-0.024035666005305968,0.01044753314922282,-0.029372838139560802,84.53333333333333,37.13333333333333
kr,kr.oversold_recovery,none,5,earlier,36,360,281,79,9,0,9,281,0.06932367260379252,0.0,0.48398576512455516,0.09075053938386726,3.0384059487271586,0.5587188612099644,0.06932367260379252,0.0,0.48398576512455516,-0.1823104693140794,0.2012102874432677,2.325105207279225,0.09075053938386726,0.015374212577643398,0.5587188612099644,3.0384059487271586,0.05971135068508528,0.13590505858941576,-0.04586815317373408,0.19128768115707054,-0.0878463421258458,99.61111111111111,99.61111111111111
kr,kr.oversold_recovery,none,5,recent,15,150,67,83,18,40,0,49,0.01937735552831636,0.0,0.42857142857142855,-0.03960407280497755,-2.0049089780693916,0.3673469387755102,-0.020235835956310275,0.0,0.3582089552238806,-0.03483679457408129,0.10222281783257382,-0.8422879375425182,-0.054794238769528304,-0.003373218855496213,0.4626865671641791,-2.5126192827367038,0.01937735552831636,0.020587615548031006,-0.047204656011775634,0.06642911920766975,-0.06379301613396528,84.53333333333333,84.53333333333333
kr,kr.oversold_recovery,none,20,earlier,36,360,281,79,39,40,11,253,0.13350306306824716,-0.0015189873417721,0.44664031620553357,0.2284101889532812,3.7416998040601253,0.7154150197628458,0.12799628941277152,-0.001008064516129,0.4626334519572954,-0.1847826086956522,0.266990291262136,2.3345341739513743,0.2064103615494194,0.0689677386975793,0.6797153024911032,3.7391375287496795,0.12450759845744273,0.30206901475177866,-0.1253101042706231,0.3969968648867132,-0.16337274771515495,99.61111111111111,99.61111111111111
kr,kr.oversold_recovery,none,20,recent,15,150,67,83,67,150,0,0,,,,,,,-0.028944388638312717,-0.0146853146853146,0.3582089552238806,-0.23106513058134825,0.08908742629672856,-1.0267069705240202,-0.044374505399709885,-0.004397493662474401,0.4925373134328358,-1.6144124360049756,,0.06001174491261632,-0.06679478235323101,0.1121460806830573,-0.092119854052027,84.53333333333333,84.53333333333333
kr,kr.profitable_company,A_strong,5,earlier,15,33,33,0,0,0,0,33,0.02110453053728114,0.0072463768115942,0.5757575757575758,0.011832230979063151,0.9204844604212818,0.45454545454545453,0.02110453053728114,0.0072463768115942,0.5757575757575758,-0.02490511691869558,0.10384038571675915,2.240570690720268,0.011832230979063151,-0.003190529621818799,0.45454545454545453,0.9204844604212818,0.02110453053728114,0.03871606302744534,-0.010353093278980803,0.058627107411235654,-0.025344833243056693,100.0,2.8181818181818183
kr,kr.profitable_company,A_strong,5,recent,9,10,10,0,3,3,0,7,-0.0258983716089597,-0.0290581162324649,0.14285714285714285,-0.08507916390719804,-4.686328234866443,0.0,-0.01943295241236,-0.00874688459317345,0.2,-0.05060120240480961,0.0011159277405776696,-2.801895818492679,-0.05204939505095133,-0.04998336593891385,0.3,-2.4754840687685538,-0.0258983716089597,0.00064083291482202,-0.023573537131080242,0.007096450050393661,-0.031061014252290114,100.0,1.2
kr,kr.profitable_company,A_strong,20,earlier,15,33,33,0,1,1,0,32,0.0011943041140452778,0.0004435978529243002,0.5,0.11274120205737437,8.329018426005463,0.96875,-0.00020688828471503374,-0.0031088082901554,0.48484848484848486,-0.0773143376575979,0.08689192879664334,-0.015046476325052658,0.1050462430197898,0.11017750755920289,0.9393939393939394,6.90660303842632,0.0011943041140452778,0.0646771954904189,-0.04169315231773972,0.10660226685187388,-0.05468610773568463,100.0,2.8181818181818183
kr,kr.profitable_company,A_strong,20,recent,9,10,10,0,10,10,0,0,,,,,,,-0.03245172752010322,-0.043608782258599446,0.1,-0.046095304695304685,-0.004919860231704033,-5.227970385506227,-0.041079809031481805,-0.022181718259279,0.3,-1.6527693088651592,,0.00064083291482202,-0.041301032991460936,0.007096450050393661,-0.05339593397545349,100.0,1.2
kr,kr.profitable_company,B_moderate2,5,earlier,36,349,349,0,0,0,0,349,-0.001964468628587412,-0.0045317220543806,0.4584527220630373,0.019874331510450472,6.196026763491279,0.6160458452722063,-0.001964468628587412,-0.0045317220543806,0.4584527220630373,-0.08227882001633662,0.06872905154452397,-0.5897201769746073,0.019874331510450472,0.018981930557336796,0.6160458452722063,6.196026763491279,-0.001964468628587412,0.035292100415576955,-0.03911266716507914,0.06122166160409545,-0.06492401699491579,100.0,20.340974212034386
kr,kr.profitable_company,B_moderate2,5,recent,13,49,49,0,25,25,0,24,0.05438637426126699,0.035513262506156204,0.6666666666666666,-0.05556182199324783,-3.632752441257385,0.2916666666666667,0.02384355108897131,0.0010493179433368,0.5306122448979592,-0.03744509394572024,0.1221452018852916,2.452567298002512,-0.01624910347719555,0.003825387030456401,0.5714285714285714,-1.6461930526851656,0.05438637426126699,0.03916445080380762,2.5832629310225193e-05,0.05187524993682151,-0.021378651573345016,100.0,7.244897959183674
kr,kr.profitable_company,B_moderate2,20,earlier,36,349,349,0,38,38,0,311,-0.011301189297976012,-0.0131004366812227,0.42443729903536975,0.07186194959515922,10.49226919740309,0.7331189710610932,-0.006060724674651757,-0.009049773755656,0.4498567335243553,-0.14227580511973573,0.11515369796299602,-1.0202484836190362,0.059734421057920074,0.0604943354592724,0.6848137535816619,9.003399580195872,-0.011301189297976012,0.08425224687718226,-0.10047410654573367,0.12188356738641157,-0.1282253821649392,100.0,20.340974212034386
kr,kr.profitable_company,B_moderate2,20,recent,13,49,49,0,49,49,0,0,,,,,,,0.023199734406793605,-0.0013262599469495,0.4897959183673469,-0.0440881763527054,0.07929148450009889,1.6900800741676947,-0.010215310662668129,1.8627323358895442e-05,0.5102040816326531,-0.84770279584034,,0.06196232189147549,-0.008428883451988051,0.08374797239139352,-0.029468991361197825,100.0,7.244897959183674
kr,kr.profitable_company,none,5,earlier,36,360,360,0,0,0,0,360,-0.012642301471319313,-0.01259948508752325,0.3972222222222222,0.01035572279518617,3.119143541117301,0.5472222222222223,-0.012642301471319313,-0.01259948508752325,0.3972222222222222,-0.10552573075339634,0.08292756662007135,-3.2586887742483217,0.01035572279518617,0.0098479082261535,0.5472222222222223,3.119143541117301,-0.012642301471319313,0.02687836545594867,-0.04741655996692818,0.058816342102206993,-0.07278240435249125,100.0,100.0
kr,kr.profitable_company,none,5,recent,15,150,150,0,40,40,0,110,0.01083595008912779,0.0,0.44545454545454544,-0.03176930666420549,-5.3569145899044965,0.2636363636363636,0.0032114924732018816,-0.0063653510889845,0.4,-0.06780031201248043,0.09018694484610619,0.5421680752094382,-0.01859745383465002,-0.0122067581197621,0.37333333333333335,-3.7635888543896345,0.01083595008912779,0.031328379205356034,-0.02141463457390239,0.056723990097011165,-0.042777241381353755,100.0,100.0
kr,kr.profitable_company,none,20,earlier,36,360,360,0,40,40,0,320,-0.04521582641822134,-0.041838076453461,0.2625,0.04068160206557722,6.924283333393511,0.6625,-0.03961823543689945,-0.0396947688259074,0.28055555555555556,-0.17378679676296577,0.09547933710929317,-6.868383955831084,0.028592132133618966,0.03122765965361675,0.6166666666666667,4.945929886633306,-0.04521582641822134,0.05668291798708566,-0.11386846597869235,0.09962687202939308,-0.14680136162981292,100.0,100.0
kr,kr.profitable_company,none,20,recent,15,150,150,0,150,150,0,0,,,,,,,-0.02092573294588523,-0.02421136737576255,0.24,-0.1011673151750972,0.0548785268909139,-3.7867512391754325,-0.022637325462093655,-0.009290265456018349,0.38,-4.1610934799335935,,0.03747538042489118,-0.0351964168321504,0.0644443998991041,-0.05769855498845145,100.0,100.0
kr,kr.random,none,5,earlier,36,360,360,0,0,0,0,360,-0.02132580325233071,-0.02302415346629895,0.39166666666666666,0.0016722210141747746,0.3569217113480008,0.49444444444444446,-0.02132580325233071,-0.02302415346629895,0.39166666666666666,-0.14806082382575186,0.09888656950655575,-3.5753848991507633,0.0016722210141747746,-0.0007134257159468011,0.49444444444444446,0.3569217113480008,-0.02132580325233071,0.0430478257492748,-0.06863847639129908,0.08357666270388721,-0.09707875437090888,10.0,10.0
kr,kr.random,none,5,recent,15,150,150,0,40,40,0,110,0.026008575972884227,0.0200934359644074,0.6090909090909091,-0.016596680780449055,-2.127998509171422,0.4,0.008197183391199472,0.00095443254397645,0.52,-0.09446941626677999,0.12169952828587907,1.0419730753572936,-0.013611762916652425,-0.016489010635352942,0.4066666666666667,-2.144516783180664,0.026008575972884227,0.04668932069141441,-0.02510871576190771,0.07771876694554392,-0.04844284072167334,10.0,10.0
kr,kr.random,none,20,earlier,36,360,360,0,40,40,0,320,-0.07962073396456357,-0.0802186221114495,0.3125,0.00627669451923499,0.7130826403682914,0.484375,-0.05944285392318276,-0.0511125008395511,0.375,-0.28338069771084606,0.15442114506837035,-6.150993215340531,0.008767513647335648,-0.0033088744130768954,0.4888888888888889,1.07002454737765,-0.07962073396456357,0.10098084504836964,-0.17585571662646177,0.14465046835212375,-0.2026028320272779,10.0,10.0
kr,kr.random,none,20,recent,15,150,150,0,150,150,0,0,,,,,,,-0.012046052854482276,-0.0154906435219932,0.3933333333333333,-0.11691219761660213,0.10758249775980094,-1.3854957621444526,-0.013757645370690703,-0.018799583253923446,0.4066666666666667,-1.826870939399481,,0.06944646484709553,-0.0392415583196091,0.10480523547574182,-0.0594373638386032,10.0,10.0
kr,kr.stable_growth,A_strong,5,earlier,13,23,23,0,0,0,0,23,0.033704066786476014,0.0182795698924731,0.6521739130434783,0.010377390093792918,0.7258954670427541,0.5652173913043478,0.033704066786476014,0.0182795698924731,0.6521739130434783,-0.031151810248611377,0.12436809674727561,2.5016364806029734,0.010377390093792918,0.007456636517795601,0.5652173913043478,0.7258954670427541,0.033704066786476014,0.06213153916090112,-0.01002235412289979,0.0934528727234905,-0.03453272150306241,100.0,2.217391304347826
kr,kr.stable_growth,A_strong,5,recent,7,7,7,0,0,0,0,7,-0.0258983716089597,-0.0290581162324649,0.14285714285714285,-0.08507916390719804,-4.686328234866443,0.0,-0.0258983716089597,-0.0290581162324649,0.14285714285714285,-0.052104208416833636,-0.00019819698856809933,-2.9289057393423708,-0.08507916390719804,-0.09471465747492311,0.0,-4.686328234866443,-0.0258983716089597,0.0007128611543361712,-0.03018896222652433,0.006006453919470886,-0.03462426268673864,100.0,1.0
kr,kr.stable_growth,A_strong,20,earlier,13,23,23,0,1,1,0,22,-0.05355982462896138,-0.06511627906976745,0.2727272727272727,0.06316055138813058,3.05768598440997,0.8181818181818182,-0.05318961682096502,-0.0613953488372093,0.2608695652173913,-0.14763103610700537,0.020334510246423708,-2.696523969021199,0.054275638450258984,0.04185584927293719,0.782608695652174,2.507493038017764,-0.05355982462896138,0.08781613942027919,-0.08265423237724344,0.1143576515047883,-0.09878424720005148,100.0,2.217391304347826
kr,kr.stable_growth,A_strong,20,recent,7,7,7,0,7,7,0,0,,,,,,,-0.04449662176287859,-0.0440881763527054,0.0,-0.04638121878121876,-0.0431293881644935,-81.45519878738969,-0.06940832673652729,-0.047346166925700296,0.0,-2.3581493320100937,,0.0007128611543361712,-0.055513956312782456,0.006006453919470886,-0.06653129086268635,100.0,1.0
kr,kr.stable_growth,B_moderate2,5,earlier,36,323,323,0,0,0,0,323,0.06205184458799227,0.00625,0.5386996904024768,0.0811631464073865,3.2846114316691875,0.6965944272445821,0.06205184458799227,0.00625,0.5386996904024768,-0.08941298462433545,0.1145596775295484,2.4811724899946555,0.0811631464073865,0.025589363225136504,0.6965944272445821,3.2846114316691875,0.06205184458799227,0.10021005838045219,-0.041299261921208766,0.13224196356365278,-0.0689185706646158,100.0,17.476780185758514
kr,kr.stable_growth,B_moderate2,5,recent,14,33,33,0,8,8,0,25,0.03735043113348451,0.0066934404283802,0.64,-0.058901045551502405,-4.5429702122338735,0.16,0.02312158064947768,0.0010493179433368,0.5454545454545454,-0.05410821643286568,0.12975957506290192,1.6920002858060748,-0.04148261229926043,-0.0296932761247322,0.3333333333333333,-3.6630225081773586,0.03735043113348451,0.04031888767922422,-0.002076628418385871,0.059200267025915534,-0.029602569504894472,100.0,4.454545454545454
kr,kr.stable_growth,B_moderate2,20,earlier,36,323,323,0,33,33,0,290,0.06807051628051614,0.01047432727073255,0.5379310344827586,0.15259689125418116,5.361622116688785,0.7689655172413793,0.06447800867422107,0.0105960264900661,0.5386996904024768,-0.1414058600869199,0.17247827873664442,2.561133984237722,0.13342211557445496,0.06897929073111429,0.7151702786377709,5.169817764444029,0.06807051628051614,0.19002613359194387,-0.1044849398602872,0.2256109482281339,-0.13407263110954953,100.0,17.476780185758514
kr,kr.stable_growth,B_moderate2,20,recent,14,33,33,0,33,33,0,0,,,,,,,-0.0031041942199705043,-0.034412955465587,0.30303030303030304,-0.08743249877270493,0.10740422322775267,-0.178662210229406,-0.05341515111245174,-0.0291598808236894,0.30303030303030304,-3.231973377307594,,0.06197731866445447,-0.027850865181873838,0.08111332427200219,-0.058174122389835374,100.0,4.454545454545454
kr,kr.stable_growth,none,5,earlier,36,360,252,108,0,0,0,252,-0.006552006787832001,-0.03331558236719295,0.3968253968253968,0.016446017478673483,1.5053056101472662,0.47619047619047616,-0.006552006787832001,-0.03331558236719295,0.3968253968253968,-0.21144240707857379,0.25928675381976324,-0.5588915087979155,0.016446017478673483,-0.007964620594304202,0.47619047619047616,1.5053056101472662,-0.006552006787832001,0.07556747600639065,-0.08801404061104987,0.1357413429214661,-0.12480503614902999,100.0,100.0
kr,kr.stable_growth,none,5,recent,15,150,105,45,28,40,0,77,0.048639562428024384,0.0578158458244111,0.5584415584415584,0.006034305674691112,0.42959224589033174,0.5064935064935064,0.03291792974815321,0.0027322404371583,0.5047619047619047,-0.1099365107752839,0.20711492608488322,2.445534710171574,0.011108983440301316,0.010159002185131195,0.5523809523809524,0.9948217335212504,0.048639562428024384,0.09180269101976758,-0.036835299850831886,0.14334199847205709,-0.07492494661621209,100.0,100.0
kr,kr.stable_growth,none,20,earlier,36,360,252,108,28,40,0,224,-0.07683652797980346,-0.0705374351925174,0.375,0.009060900503995087,0.6060453491531429,0.5178571428571429,-0.050180781214278186,-0.04826311115823505,0.42063492063492064,-0.3548308079585613,0.25838954326517416,-3.150251258694231,0.018029586356240232,0.020791694802960538,0.5396825396825397,1.2786553424858884,-0.07683652797980346,0.18582751674541828,-0.21505051008614007,0.2626147273391189,-0.24609097998706622,100.0,100.0
kr,kr.stable_growth,none,20,recent,15,150,105,45,105,150,0,0,,,,,,,0.022826546607570913,-0.0088967971530249,0.4666666666666667,-0.12706327285575592,0.21555555555555572,1.3154259634869596,0.021114954091362485,0.006731986839941896,0.5142857142857142,1.3414903227162376,,0.12968038565728238,-0.05861702839470034,0.19028428451487833,-0.09230707814434767,100.0,100.0
kr,kr.steady_dividend,A_strong,5,earlier,7,8,8,0,0,0,0,8,0.023559495468512975,-0.0031338622821272,0.375,0.035861118167607064,1.7567959258820163,0.625,0.023559495468512975,-0.0031338622821272,0.375,-0.01873032546078217,0.0768767196607929,1.194766601594201,0.035861118167607064,0.043236946890627556,0.625,1.7567959258820163,0.023559495468512975,0.03389572248097779,-0.002631458771331775,0.048976630268945644,-0.01636882327576361,48.0,1.25
kr,kr.steady_dividend,A_strong,20,earlier,7,8,8,0,0,0,0,8,0.04785625405803232,0.018147272320850748,0.875,0.14416244363641784,6.2741078585249355,1.0,0.04785625405803232,0.018147272320850748,0.875,0.004001992362609931,0.11372153623748876,2.0976854485258642,0.14416244363641784,0.13588772509232638,1.0,6.2741078585249355,0.04785625405803232,0.07130352208760896,-0.014230238731944664,0.17122731934275026,-0.028524786578515912,48.0,1.25
kr,kr.steady_dividend,B_moderate2,5,earlier,36,334,334,0,0,0,0,334,0.005634443636562586,0.0052155778210999,0.5538922155688623,0.02425438820767492,5.948532742066409,0.718562874251497,0.005634443636562586,0.0052155778210999,0.5538922155688623,-0.05294187632856366,0.059284194066802715,1.63934180706072,0.02425438820767492,0.024931803355762304,0.718562874251497,5.948532742066409,0.005634443636562586,0.027890511643685955,-0.022647136986592736,0.0466329928409126,-0.0405710629157146,48.535928143712574,15.502994011976048
kr,kr.steady_dividend,B_moderate2,5,recent,13,58,58,0,5,5,0,53,0.04401468030208704,0.0440286186020912,0.8679245283018868,-0.032521156313778186,-3.5167043099638318,0.3018867924528302,0.03855022326066836,0.04112328856222965,0.8275862068965517,-0.01249040234353981,0.09473756258391848,6.612803345492108,-0.029387638128256285,-0.0283130619613306,0.3275862068965517,-3.421866365400495,0.04401468030208704,0.04964191153497595,0.002627041000913816,0.06083999389494526,-0.016689213044172965,61.55172413793103,6.689655172413793
kr,kr.steady_dividend,B_moderate2,20,earlier,36,334,334,0,34,34,0,300,-0.010370459115463459,-0.00124440482160435,0.48,0.07325249349489858,13.011580827817369,0.8033333333333333,-0.005615317217499243,0.0037301380801564995,0.5149700598802395,-0.1254781420765027,0.07751303684232831,-1.2679292637523965,0.0610082209757985,0.0717833392331832,0.7455089820359282,10.857288243838285,-0.010370459115463459,0.05720026105716043,-0.05800809564434896,0.08105260036428179,-0.07718423932602035,48.535928143712574,15.502994011976048
kr,kr.steady_dividend,B_moderate2,20,recent,13,58,58,0,58,58,0,0,,,,,,,0.024865670636242492,0.03716327652556345,0.603448275862069,-0.06367435381519876,0.09268853815163443,2.2259583040102933,-0.02209886380931314,-0.019037748128197852,0.3620689655172414,-1.5863627285365534,,0.07868388555690162,-0.014156913553078961,0.09089688967667181,-0.03352949602325284,61.55172413793103,6.689655172413793
kr,kr.steady_dividend,none,5,earlier,36,360,360,0,0,0,0,360,-0.0068164835471415915,-0.00638695657848365,0.43333333333333335,0.016181540719363893,4.901369014264847,0.6833333333333333,-0.0068164835471415915,-0.00638695657848365,0.43333333333333335,-0.0646137256098801,0.057136882391816905,-2.644717346369049,0.016181540719363893,0.0254980013463817,0.6833333333333333,4.901369014264847,-0.0068164835471415915,0.018599320242132653,-0.02703540622379515,0.03663740722759717,-0.044567139343104877,48.44444444444444,48.44444444444444
kr,kr.steady_dividend,none,5,recent,14,140,140,0,30,30,0,110,0.008521649738088102,0.0178022050571069,0.6363636363636364,-0.03408360701524518,-5.400243148950253,0.3181818181818182,0.0012508914249779845,0.0013116023049798,0.5142857142857142,-0.047567567567567484,0.07516807911996463,0.22365123546127844,-0.024142714278723984,-0.009802540929819099,0.42142857142857143,-4.423970093781911,0.008521649738088102,0.02548075585905175,-0.019789725476180037,0.04116632214374542,-0.03697543458273684,61.57142857142857,61.57142857142857
kr,kr.steady_dividend,none,20,earlier,36,360,360,0,40,40,0,320,-0.020644565458638124,-0.0128510758963605,0.415625,0.06525286302516044,12.879243953861625,0.759375,-0.01918641825258628,-0.0095141159295128,0.4361111111111111,-0.14041666841467154,0.07264114887007714,-4.551622267370078,0.049023949317932136,0.05241268641054334,0.6972222222222222,9.192744222105775,-0.020644565458638124,0.04556668510178241,-0.0699071503775617,0.06546301274576313,-0.08742245297103787,48.44444444444444,48.44444444444444
kr,kr.steady_dividend,none,20,recent,14,140,140,0,140,140,0,0,,,,,,,-0.023886821554631083,-0.0087923164398921,0.37857142857142856,-0.1869403973509933,0.06743696061303603,-3.375045677403655,-0.027747548195857914,0.0029791271387928503,0.5142857142857142,-3.537252500519082,,0.03401934919547551,-0.041346352839690285,0.05279900009539478,-0.057509264513530924,61.57142857142857,61.57142857142857
kr,kr.top_gainers,A_strong,5,earlier,3,4,4,0,0,0,0,4,0.028291675244462598,0.0239241450981256,0.75,-0.0016867761975913748,-0.05509696379563529,0.75,0.028291675244462598,0.0239241450981256,0.75,-0.00762159708015815,0.06769897168615296,1.3018209855209306,-0.0016867761975913748,0.0144656056987515,0.75,-0.05509696379563529,0.028291675244462598,0.03322531881564497,-0.026138068848676997,0.05002732174754722,-0.037270616048644824,100.0,1.5
kr,kr.top_gainers,A_strong,5,recent,1,1,1,0,1,1,0,0,,,,,,,0.0177142857142857,0.0177142857142857,1.0,0.0177142857142857,0.0177142857142857,,0.05478928046979489,0.05478928046979489,1.0,,,0.0177142857142857,-0.0171428571428571,0.0771428571428571,-0.042,100.0,1.0
kr,kr.top_gainers,A_strong,20,earlier,3,4,4,0,1,1,0,3,0.057719561581842806,0.0676855895196506,0.6666666666666666,0.15011531857019697,4.648816620058611,1.0,0.03501666187924663,0.023676116566312654,0.5,-0.02926443297608692,0.10837019298492737,0.9299974417826011,0.08027662933604447,0.13018788173943335,0.75,1.0925480077535796,0.057719561581842806,0.10670036628558052,-0.030280879294950973,0.12390370756175803,-0.04071137958692548,100.0,1.5
kr,kr.top_gainers,A_strong,20,recent,1,1,1,0,1,1,0,0,,,,,,,0.0177142857142857,0.0177142857142857,1.0,0.0177142857142857,0.0177142857142857,,0.05478928046979489,0.05478928046979489,1.0,,,0.0177142857142857,-0.0171428571428571,0.0771428571428571,-0.042,100.0,1.0
kr,kr.top_gainers,B_moderate2,5,earlier,17,52,52,0,0,0,0,52,-0.006390457855498916,-0.0017925594991863498,0.4807692307692308,-0.018931737838980372,-1.3398061872356553,0.34615384615384615,-0.006390457855498916,-0.0017925594991863498,0.4807692307692308,-0.11805435720448658,0.11095033537890676,-0.38641477010387887,-0.018931737838980372,-0.0323625174626975,0.34615384615384615,-1.3398061872356553,-0.006390457855498916,0.04739432223381397,-0.043084292798889,0.09260593959657543,-0.07010483032854899,100.0,4.884615384615385
kr,kr.top_gainers,B_moderate2,5,recent,3,3,3,0,1,1,0,2,0.1591618844254638,0.1591618844254638,1.0,0.021501775118152253,0.17568077559899253,0.5,0.1120126848550711,0.0708661417322835,1.0,0.028344656917885264,0.212139330041372,1.6131116345864687,0.03259761023536647,0.05478928046979489,0.6666666666666666,0.45572940220303354,0.1591618844254638,0.14817087694546652,0.0099488802491605,0.19603051248320158,-0.027863879792079438,100.0,1.0
kr,kr.top_gainers,B_moderate2,20,earlier,17,52,52,0,11,11,0,41,-0.04005560970060861,-0.0203333563870253,0.4634146341463415,0.0090635848027783,0.38082622952044165,0.4634146341463415,-0.033004889964108663,-0.03566702318048095,0.4230769230769231,-0.18709095156284777,0.12531671554252186,-1.957089016118582,-0.01285660750774569,-0.043579493034542546,0.40384615384615385,-0.6314254141020194,-0.04005560970060861,0.08841386437320997,-0.1195909004378162,0.13335472763691805,-0.1439590849293553,100.0,4.884615384615385
kr,kr.top_gainers,B_moderate2,20,recent,3,3,3,0,3,3,0,0,,,,,,,0.10474265162747746,0.0405814657783161,1.0,0.02228772172709178,0.2128620558675277,1.3803278020334242,0.03382318643846243,0.05478928046979489,0.6666666666666666,0.35843414462391837,,0.17969055171884477,0.006920412653763766,0.21071977801992473,-0.027863879792079438,100.0,1.0
kr,kr.top_gainers,none,5,earlier,36,360,360,0,1,0,1,360,-0.0749410029734229,-0.14955966019795805,0.28888888888888886,-0.051942978706917414,-3.0234933339444856,0.3277777777777778,-0.0749410029734229,-0.14955966019795805,0.28888888888888886,-0.34940735365263664,0.1817028344996431,-4.344580543303139,-0.051942978706917414,-0.11706930297895404,0.3277777777777778,-3.0234933339444856,-0.07506897234103689,0.10414040368272766,-0.17972036478957412,0.2793556951095636,-0.22169226293657007,100.0,100.0
kr,kr.top_gainers,none,5,recent,15,150,150,0,40,40,0,110,-0.0013867752463653546,-0.0303336817239598,0.45454545454545453,-0.043992031999698644,-1.9314605723284588,0.35454545454545455,-0.01584069514264862,-0.04168712918596775,0.41333333333333333,-0.25205821764442443,0.2822565386755703,-0.8922510756571581,-0.03764964145050052,-0.05845364356751971,0.37333333333333335,-2.1290971357609108,-0.0013867752463653546,0.07259348652021166,-0.08197680502717228,0.20623737685052154,-0.12678248752292562,100.0,100.0
kr,kr.top_gainers,none,20,earlier,36,360,360,0,41,40,1,320,-0.14942978691793854,-0.23792693379044344,0.190625,-0.06353235843414,-1.914654606300869,0.265625,-0.1469988729992048,-0.22928950854146465,0.20277777777777778,-0.4927639147628852,0.15217520533922305,-4.91400902881986,-0.0787885054286864,-0.15793060561349298,0.2611111111111111,-2.6205467457542446,-0.14980730976094148,0.23868845246396944,-0.3167167734347834,0.4296373329757468,-0.34803136056043826,100.0,100.0
kr,kr.top_gainers,none,20,recent,15,150,150,0,150,150,0,0,,,,,,,-0.028917495897404326,-0.0453292216495757,0.36666666666666664,-0.2552322004236898,0.22998279816513742,-1.5916613944087126,-0.030629088413612754,-0.0532380631411814,0.37333333333333335,-1.7000434859901006,,0.11410421676003535,-0.11396177436223821,0.25872680668660464,-0.15408311466328195,100.0,100.0
kr,kr.top_losers,A_strong,5,earlier,6,11,11,0,0,0,0,11,-0.025922822596309847,-0.0123456790123457,0.45454545454545453,0.030906056207020752,1.9424095737016085,0.8181818181818182,-0.025922822596309847,-0.0123456790123457,0.45454545454545453,-0.1216848673946957,0.0096599690880989,-1.100123345767543,0.030906056207020752,0.0330822480449049,0.8181818181818182,1.9424095737016085,-0.025922822596309847,0.015094614951126973,-0.037192659349822084,0.03660963816861279,-0.04999095158505755,100.0,3.0
kr,kr.top_losers,A_strong,5,recent,2,7,7,0,2,2,0,5,-0.0065431530701415205,-0.0062541145490454,0.0,-0.07396613775880453,-37.63759899789377,0.0,-0.0011078936526240858,-0.0057218309859154,0.2857142857142857,-0.00958691298598652,0.011252032756041785,-0.27745814788679035,-0.04115965836336936,-0.07314481567457841,0.2857142857142857,-1.935818860621782,-0.0065431530701415205,0.0067188745759477865,-0.0013430107409340573,0.012129695218809843,-0.01107914637373133,100.0,4.142857142857143
kr,kr.top_losers,A_strong,20,earlier,6,11,11,0,0,0,0,11,-0.0523630042074436,-0.0032362459546925,0.45454545454545453,-0.030416461922929548,-0.9478089010141051,0.5454545454545454,-0.0523630042074436,-0.0032362459546925,0.45454545454545453,-0.2457098283931357,0.0162127107652398,-1.4448798489062862,-0.030416461922929548,0.0017822509301868,0.5454545454545454,-0.9478089010141051,-0.0523630042074436,0.020704190610638162,-0.1081051541422923,0.0410565568740528,-0.12252175245858997,100.0,3.0
kr,kr.top_losers,A_strong,20,recent,2,7,7,0,7,7,0,0,,,,,,,-0.003147682920290214,0.0028436018957345,0.5714285714285714,-0.02490588693451024,0.011855056746770884,-0.41219272609521995,-0.046416591873383324,-0.0690833847322155,0.2857142857142857,-1.979558776756659,,0.010195390574998558,-0.007411722219813928,0.01472275901897027,-0.016954641992246472,100.0,4.142857142857143
kr,kr.top_losers,B_moderate2,5,earlier,35,283,283,0,0,0,0,283,-0.007872286378996386,-0.0084680523479599,0.45936395759717313,0.011740616275755358,2.1791804552968914,0.5724381625441696,-0.007872286378996386,-0.0084680523479599,0.45936395759717313,-0.13846809537212013,0.1256090908035703,-1.1386921001030668,0.011740616275755358,0.013655344023972699,0.5724381625441696,2.1791804552968914,-0.007872286378996386,0.05587975185931674,-0.07021949266389703,0.1069451497639288,-0.10197227846302477,100.0,11.3886925795053
kr,kr.top_losers,B_moderate2,5,recent,13,58,58,0,16,16,0,42,0.058232700821701275,0.0066794337809103505,0.5238095238095238,5.642698827551694e-06,0.0003272254480851049,0.35714285714285715,0.037283846558714806,0.0047882771437365995,0.5172413793103449,-0.05268893560295316,0.1353598484848485,2.1181526937017643,0.002984270097159011,-0.012943191796181247,0.43103448275862066,0.22545180730072062,0.058232700821701275,0.05728952371363041,0.005163392058030541,0.07770129227782288,-0.021444277479956562,100.0,7.931034482758621
kr,kr.top_losers,B_moderate2,20,earlier,35,283,283,0,23,23,0,260,-0.07713213082520988,-0.09170236395367284,0.27692307692307694,0.002860897222586465,0.15331325433927276,0.43846153846153846,-0.06124180334918577,-0.077027027027027,0.31095406360424027,-0.2841171861562864,0.1387917002550879,-3.3572646757541738,0.005566154056837425,-0.019785649348371598,0.45229681978798586,0.3216337250053547,-0.07713213082520988,0.12117211247658988,-0.19806397055870928,0.17253730999539646,-0.22768224920749242,100.0,11.3886925795053
kr,kr.top_losers,B_moderate2,20,recent,13,58,58,0,58,58,0,0,,,,,,,0.030430204668732242,-0.0030429215609864496,0.4482758620689655,-0.0548158307070807,0.18000145338274828,1.6844958066238749,0.009997481916651847,-0.0056960883392591,0.4827586206896552,0.7421338539362344,,0.08307191652578662,-0.004648164129447308,0.1069771085141456,-0.030993711364784314,100.0,7.931034482758621
kr,kr.top_losers,none,5,earlier,36,360,360,0,0,0,0,360,-0.0040213091826650366,-0.057506317809572605,0.33611111111111114,0.018976715083840447,0.6070290737810561,0.41944444444444445,-0.0040213091826650366,-0.057506317809572605,0.33611111111111114,-0.2643004091967535,0.2505204708058278,-0.128615016604182,0.018976715083840447,-0.038040279751201646,0.41944444444444445,0.6070290737810561,-0.0040213091826650366,0.12495405458650223,-0.1300111200853896,0.2311017591415599,-0.18165629646056544,100.0,100.0
kr,kr.top_losers,none,5,recent,15,150,150,0,40,40,0,110,0.016704309296963014,0.005972222222222099,0.5272727272727272,-0.025900947456370272,-1.4517168929060482,0.45454545454545453,0.010435059134672268,-0.01615704250284155,0.4666666666666667,-0.1954274993299383,0.2683221121923706,0.6412243640903659,-0.01137388717317963,-0.014950243823529401,0.4666666666666667,-0.7559206208748166,0.016704309296963014,0.08630679647307167,-0.05008437200869114,0.15871829199233817,-0.09650637175537416,100.0,100.0
kr,kr.top_losers,none,20,earlier,36,360,360,0,44,40,4,320,-0.07104244463434271,-0.16126857730849725,0.271875,0.014854983849455838,0.3117903354319266,0.40625,-0.05852338089216358,-0.1382761869964039,0.2972222222222222,-0.4811858172133327,0.23873365788309023,-1.3799473937566087,0.009686986678354811,-0.06195460262206816,0.39166666666666666,0.22752141531334702,-0.06936030496382976,0.27383687261858225,-0.28423815033332706,0.39576087552610434,-0.32334426440290703,100.0,100.0
kr,kr.top_losers,none,20,recent,15,150,150,0,150,150,0,0,,,,,,,0.013760423333647603,-0.043540051679586494,0.38,-0.20135039090262963,0.32893755012378384,0.6836422804174516,0.012048830817439174,-0.02395664127529365,0.44666666666666666,0.6487042452391892,,0.13216185461202198,-0.08181060912035887,0.21475780861358454,-0.12392770698778499,100.0,100.0
kr,kr.trade_amount,A_strong,5,earlier,17,27,27,0,0,0,0,27,0.011068233145731939,0.0005436848944344,0.5185185185185185,0.02278820888442081,1.7449537127145012,0.7037037037037037,0.011068233145731939,0.0005436848944344,0.5185185185185185,-0.02857164103347486,0.09941520801519499,1.1234191659190238,0.02278820888442081,0.0271672166322693,0.7037037037037037,1.7449537127145012,0.011068233145731939,0.0236859591963192,-0.02826306403428548,0.033586516395252265,-0.037570330614531855,100.0,2.111111111111111
kr,kr.trade_amount,A_strong,5,recent,2,4,4,0,4,4,0,0,,,,,,,-0.011717652849725549,-0.013639513850928351,0.25,-0.02236973226096321,0.0004719153624743533,-1.7535951377893255,0.018833309764688576,0.01473677138312075,1.0,3.5109996758808455,,-0.008244787504291199,-0.011717652849725549,-0.0021105856376166,-0.021458649233603473,100.0,2.5
kr,kr.trade_amount,A_strong,20,earlier,17,27,27,0,11,11,0,16,0.003690528855091681,0.0022471050021105003,0.5625,0.08613426234210497,3.017751755098774,0.625,-0.007577293297714644,-0.0176260322938494,0.3333333333333333,-0.03611629240843032,0.06929463210596387,-0.5662572897904545,0.017656473240130536,-0.043738993386508995,0.37037037037037035,0.7336901569644685,0.003690528855091681,0.054344783014169264,-0.046093073316378096,0.06922108460963464,-0.05583585194003772,100.0,2.111111111111111
kr,kr.trade_amount,A_strong,20,recent,2,4,4,0,4,4,0,0,,,,,,,-0.011717652849725549,-0.013639513850928351,0.25,-0.02236973226096321,0.0004719153624743533,-1.7535951377893255,0.018833309764688576,0.01473677138312075,1.0,3.5109996758808455,,-0.008244787504291199,-0.011717652849725549,-0.0021105856376166,-0.021458649233603473,100.0,2.5
kr,kr.trade_amount,B_moderate2,5,earlier,33,230,230,0,0,0,0,230,-0.010767112532983436,-0.01450040727001505,0.4043478260869565,0.004343211199693969,0.9421762763618317,0.5304347826086957,-0.010767112532983436,-0.01450040727001505,0.4043478260869565,-0.12863768134814121,0.09638398325640245,-1.8140062721537273,0.004343211199693969,0.0035317873366995517,0.5304347826086957,0.9421762763618317,-0.010767112532983436,0.047797009951145795,-0.06077760214253048,0.07730613030319657,-0.08873656583063863,100.0,11.539130434782608
kr,kr.trade_amount,B_moderate2,5,recent,11,38,38,0,14,14,0,24,0.080020313335548,0.0369570650572027,0.9166666666666666,-0.009772967138428502,-0.7260746214286371,0.375,0.048122338000584464,0.0217918990608535,0.6578947368421053,-0.016567665883869757,0.1964146505709108,3.491765182297586,0.002301150095064392,0.011174206069133446,0.6052631578947368,0.2531693034170942,0.080020313335548,0.0733184715432347,0.01909032852069744,0.08576036403007006,-0.001073951661602972,100.0,4.947368421052632
kr,kr.trade_amount,B_moderate2,20,earlier,33,230,230,0,31,31,0,199,-0.07918141859550355,-0.08125,0.3015075376884422,-0.02039221543148812,-1.8890345266956494,0.36683417085427134,-0.06310087278206654,-0.0428306342685629,0.3347826086956522,-0.25077667029401973,0.10437382827146605,-6.459006114885502,-0.023043916794219542,-0.040497949642792505,0.36086956521739133,-2.4034931039550336,-0.07918141859550355,0.07571659225048162,-0.1780873369058597,0.10780586583650541,-0.20601511887387677,100.0,11.539130434782608
kr,kr.trade_amount,B_moderate2,20,recent,11,38,38,0,38,38,0,0,,,,,,,0.054759225271504085,-0.004215901830921,0.39473684210526316,-0.0214252605966078,0.24751613743989798,2.9439455763752402,0.01427752912445672,0.014335604752099051,0.6842105263157895,1.1691888589786923,,0.09875018129358717,0.012238329540218144,0.11300583594878033,-0.006236921582962704,100.0,4.947368421052632
kr,kr.trade_amount,none,5,earlier,36,360,360,0,0,0,0,360,-0.044756582506686945,-0.0559745746928585,0.33055555555555555,-0.021758558240181466,-2.1651909558331437,0.41388888888888886,-0.044756582506686945,-0.0559745746928585,0.33055555555555555,-0.2948972040108827,0.2130207802555148,-4.126714657576034,-0.021758558240181466,-0.025863038897326,0.41388888888888886,-2.1651909558331437,-0.044756582506686945,0.08170978737960198,-0.13714618016996974,0.1339355225926374,-0.1774215496453291,100.0,100.0
kr,kr.trade_amount,none,5,recent,15,150,150,0,40,40,0,110,0.022073208199669965,0.0232991768519612,0.5636363636363636,-0.020532048553663314,-1.4707607480767273,0.4727272727272727,0.014678306334650835,0.0115628630149227,0.5266666666666666,-0.11173614775725595,0.16769442743417023,1.4864408971666727,-0.0071306399732010564,0.01029184624667635,0.5466666666666666,-0.6608756330227358,0.022073208199669965,0.06581921937785053,-0.04092517294722559,0.10091563124560521,-0.06865619659092562,100.0,100.0
kr,kr.trade_amount,none,20,earlier,36,360,360,0,40,40,0,320,-0.25407963668904215,-0.25195820713035255,0.10625,-0.1681822082052436,-11.455244851209024,0.165625,-0.22718255197410153,-0.23645117990388187,0.1527777777777778,-0.5681041460042959,0.07688541866257902,-15.184640733815078,-0.15897218440358313,-0.15562042820809546,0.2,-11.404919942903074,-0.25407963668904215,0.15296901040761643,-0.3383168849448243,0.21275173678075388,-0.3762807652804817,100.0,100.0
kr,kr.trade_amount,none,20,recent,15,150,150,0,150,150,0,0,,,,,,,0.03148835830173279,0.02406302467376285,0.5866666666666667,-0.1303848910945684,0.2142912132652305,2.380164896525994,0.029776765785524358,0.044516408537733504,0.68,2.2858350051553735,,0.09006366897520399,-0.05499500350409529,0.13422873311736902,-0.08272079539392269,100.0,100.0
kr,kr.tv_rsi45,A_strong,5,earlier,12,55,55,0,0,0,0,55,-0.018885344304030605,-0.0174627147441948,0.03636363636363636,0.022958599982350385,2.2719258337045827,0.8,-0.018885344304030605,-0.0174627147441948,0.03636363636363636,-0.0269822126539935,-0.006772208806998938,-7.151155579923307,0.022958599982350385,0.023847627621359703,0.8,2.2719258337045827,-0.018885344304030605,-0.0001643464401189582,-0.023158685154749312,0.0076724969449817266,-0.026202658460417794,100.0,8.49090909090909
kr,kr.tv_rsi45,A_strong,5,recent,15,57,57,0,9,9,0,48,0.004109165951415035,0.00242592497506585,0.5833333333333334,-0.040102930934986326,-5.827138822549025,0.2708333333333333,0.004038116673056778,0.0022016732716865,0.5614035087719298,-0.01466638196759904,0.018537543308091056,1.4922690733766197,-0.027137535462397555,-0.0476694453838707,0.38596491228070173,-3.7194155282691415,0.004109165951415035,0.011332058174381538,-0.003166181535778982,0.01750695067453766,-0.009052991853967761,100.0,4.508771929824562
kr,kr.tv_rsi45,A_strong,20,earlier,12,55,55,0,24,24,0,31,-0.06111072105618069,-0.0490162236796686,0.0,-0.07580177386951086,-6.616193658621266,0.06451612903225806,-0.05081337610107588,-0.0472135168279057,0.0,-0.05844914368447806,-0.015316386014933514,-8.757838858596383,-0.08033778376818554,-0.06870989934640151,0.03636363636363636,-9.929753963090409,-0.06111072105618069,0.0010880125716604672,-0.058987427408358065,0.009212627156369944,-0.0626390798713439,100.0,8.49090909090909
kr,kr.tv_rsi45,A_strong,20,recent,15,57,57,0,57,57,0,0,,,,,,,-0.006878254157376745,-0.0108043217286915,0.2982456140350877,-0.0295562410750327,0.013469192368186958,-2.4065977962614804,-0.010943229101163795,0.0045863148584418,0.543859649122807,-1.4036456072196315,,0.013085008744058461,-0.011254628937811787,0.01875260476409915,-0.0173059008794119,100.0,4.508771929824562
kr,kr.tv_rsi45,B_moderate2,5,earlier,36,337,337,0,0,0,0,337,-0.0035073793793178078,-0.0133010882708585,0.39762611275964393,0.016679934912089054,4.277951896069115,0.6231454005934718,-0.0035073793793178078,-0.0133010882708585,0.39762611275964393,-0.08420586329300024,0.09468998849025131,-0.7823796258817096,0.016679934912089054,0.015083220018313703,0.6231454005934718,4.277951896069115,-0.0035073793793178078,0.0369872397768774,-0.045598574965037136,0.0694410407641657,-0.06833404365601684,100.0,21.04747774480712
kr,kr.tv_rsi45,B_moderate2,5,recent,15,150,150,0,40,40,0,110,-0.0042644948568399356,-0.0067418797711227,0.14545454545454545,-0.04686975161017321,-9.193884640363734,0.2636363636363636,-0.006489544987938799,-0.007812976866263751,0.11333333333333333,-0.0214693946149214,0.0006212424030637392,-4.44664293095915,-0.028298491295790686,-0.011353522558325349,0.44666666666666666,-6.222223788965842,-0.0042644948568399356,0.003512097375950291,-0.009924573230989931,0.009426962645270986,-0.015797612533231548,100.0,34.0
kr,kr.tv_rsi45,B_moderate2,20,earlier,36,337,337,0,40,40,0,297,-0.040831189652076647,-0.044695820113119,0.32323232323232326,0.04451175737771786,6.009711469152674,0.6127946127946128,-0.03520665083660425,-0.0364500792393026,0.3353115727002967,-0.2047094239502015,0.13724905046120467,-4.9302172104520325,0.031307920315977504,0.01607647999849618,0.5608308605341247,4.494488037978224,-0.040831189652076647,0.07683472204857186,-0.13035738422926788,0.11486023785628548,-0.15204757625743637,100.0,21.04747774480712
kr,kr.tv_rsi45,B_moderate2,20,recent,15,150,150,0,150,150,0,0,,,,,,,-0.019158410682576125,-0.02210031396019075,0.04666666666666667,-0.03148732663797221,-0.00429586016358318,-11.213120957392814,-0.020870003198784553,0.0059264632274468486,0.5133333333333333,-4.226876436220411,,0.004056966765556098,-0.020598737221920675,0.010122075546558236,-0.027379414203961727,100.0,34.0
kr,kr.tv_rsi45,none,5,earlier,36,360,360,0,0,0,0,360,-0.01532338253592992,-0.0273741150145672,0.39444444444444443,0.007674641730575565,1.0643961037858363,0.46111111111111114,-0.01532338253592992,-0.0273741150145672,0.39444444444444443,-0.1623129973474801,0.15946880059783294,-1.8635274877304797,0.007674641730575565,-0.0071365825176561495,0.46111111111111114,1.0643961037858363,-0.01532338253592992,0.06265887466220553,-0.07825902966633716,0.12713030284742122,-0.11361483520421332,100.0,100.0
kr,kr.tv_rsi45,none,5,recent,15,150,150,0,40,40,0,110,0.040510209759962834,-0.0049212598425196,0.3090909090909091,-0.0020950469933704676,-0.14335064227372282,0.4090909090909091,0.02680066165950116,-0.0070921985815602,0.24,-0.02220008193332002,0.17587439186200773,2.187045791325074,0.004991715351649261,0.005501135681879402,0.5533333333333333,0.46057058341515605,0.040510209759962834,0.05392149074423264,-0.009411628057686729,0.08523623999334468,-0.025088519364605072,100.0,100.0
kr,kr.tv_rsi45,none,20,earlier,36,360,360,0,43,40,3,320,-0.05467161926106512,-0.056136163042606047,0.3625,0.031225809222733436,2.6539470700907324,0.590625,-0.020388822110067553,-0.0400545286877029,0.41388888888888886,-0.31640605489319235,0.21358057122592264,-1.4439501388466471,0.04782154546045087,0.03137562568759745,0.5833333333333334,3.808068602920749,-0.05585969986958845,0.1548977403869241,-0.177232709421989,0.22391405414078128,-0.20775244936963203,100.0,100.0
kr,kr.tv_rsi45,none,20,recent,15,150,150,0,150,150,0,0,,,,,,,0.0299566239113585,-0.02029990641020265,0.17333333333333334,-0.036992063937289967,0.17557355112795864,1.7921548504700782,0.02824503139515008,0.010982090455111553,0.5933333333333334,1.8983752732146237,,0.10509673447466437,-0.01878154424734798,0.1389868494154853,-0.034732328313668306,100.0,100.0
kr,kr.undervalued_breakout,A_strong,5,earlier,3,4,4,0,0,0,0,4,0.10365888241787515,0.1127788798902228,1.0,0.08787708169713075,4.324113166401921,1.0,0.10365888241787515,0.1127788798902228,1.0,0.05676820007615426,0.14325356678171794,4.347543572492071,0.08787708169713075,0.1056665586025035,1.0,4.324113166401921,0.10365888241787515,0.1044823343282836,0.010138144044925076,0.13343212653914432,-0.029113357713159548,26.5,1.5
kr,kr.undervalued_breakout,A_strong,5,recent,3,3,3,0,3,3,0,0,,,,,,,-0.006327547610817567,-0.0057034220532319,0.0,-0.00871644198640398,-0.0041883034582654195,-3.8037917086761475,0.020139922449280732,0.0245667614245253,1.0,3.3508143465106595,,-0.0031661810939376997,-0.006327547610817567,0.003802295085565,-0.020226038220334735,32.666666666666664,1.0
kr,kr.undervalued_breakout,A_strong,20,earlier,3,4,4,0,0,0,0,4,0.15925251307704952,0.15872909766878723,1.0,0.2389646903532803,32.330588189201286,1.0,0.15925251307704952,0.15872909766878723,1.0,0.13714106691441788,0.18178269156629098,12.63725349553219,0.2389646903532803,0.24047503018592492,1.0,32.330588189201286,0.15925251307704952,0.2366527936167256,0.010138144044925076,0.2908705623736207,-0.029113357713159548,26.5,1.5
kr,kr.undervalued_breakout,A_strong,20,recent,3,3,3,0,3,3,0,0,,,,,,,-0.006327547610817567,-0.0057034220532319,0.0,-0.00871644198640398,-0.0041883034582654195,-3.8037917086761475,0.020139922449280732,0.0245667614245253,1.0,3.3508143465106595,,-0.0031661810939376997,-0.006327547610817567,0.003802295085565,-0.020226038220334735,32.666666666666664,1.0
kr,kr.undervalued_breakout,B_moderate2,5,earlier,22,115,115,0,0,0,0,115,0.03538405776807605,0.0299295774647887,0.7130434782608696,0.027675265448392012,3.3513657655770612,0.6521739130434783,0.03538405776807605,0.0299295774647887,0.7130434782608696,-0.05059762349064552,0.11020498713284235,4.132466737977652,0.027675265448392012,0.0216968609010441,0.6521739130434783,3.3513657655770612,0.03538405776807605,0.05713245450257067,-0.020141592718422162,0.08325978718505296,-0.051372580448374644,42.56521739130435,10.269565217391305
kr,kr.undervalued_breakout,B_moderate2,5,recent,6,9,9,0,6,6,0,3,0.09883029325777408,0.0926935659760086,1.0,-0.015417441176654634,-0.48335125418275016,0.6666666666666666,0.018798353385215502,-0.0057034220532319,0.3333333333333333,-0.03505427765113306,0.09739294801890211,0.9104293233818166,-0.001639244719528535,0.008247708137504698,0.6666666666666666,-0.1481419126809324,0.09883029325777408,0.030602064644268165,-0.004864184246787756,0.0493237183140847,-0.022292976811836535,28.333333333333332,1.6666666666666667
kr,kr.undervalued_breakout,B_moderate2,20,earlier,22,115,115,0,4,4,0,111,-0.00143989352560719,0.0046874999999999,0.5585585585585585,0.10180899110606374,11.098415797512239,0.8648648648648649,0.0011321111233679583,0.0056497175141243,0.5739130434782609,-0.09345932051639975,0.11352416047026834,0.12932890853400608,0.09632446716395483,0.10980123885733131,0.8347826086956521,10.364940836366648,-0.00143989352560719,0.09465505906301443,-0.06895307003976169,0.12498226946701634,-0.09626816253405424,42.56521739130435,10.269565217391305
kr,kr.undervalued_breakout,B_moderate2,20,recent,6,9,9,0,9,9,0,0,,,,,,,0.012059793669556559,-0.0057034220532319,0.3333333333333333,-0.03505427765113306,0.09211382341153324,0.6597531310848972,-0.006046379284878389,0.004425741024165895,0.5555555555555556,-0.5808430957633967,,0.0456914752807526,-0.005710745093348611,0.064932908859662,-0.022292976811836535,28.333333333333332,1.6666666666666667
kr,kr.undervalued_breakout,none,5,earlier,36,360,360,0,0,0,0,360,-0.0003820951510336235,-0.009409262147287649,0.45555555555555555,0.022615929115471854,3.005705267437783,0.5361111111111111,-0.0003820951510336235,-0.009409262147287649,0.45555555555555555,-0.13435703870438004,0.09841030686919632,-0.049164572789556334,0.022615929115471854,0.00900793414833345,0.5361111111111111,3.005705267437783,-0.0003820951510336235,0.0508637718980928,-0.052981951477256935,0.09175338837717012,-0.08461730944102591,29.583333333333332,29.583333333333332
kr,kr.undervalued_breakout,none,5,recent,15,150,150,0,40,40,0,110,0.029889678319938197,0.0178296211593914,0.6181818181818182,-0.012715578433395092,-1.6290596567307558,0.34545454545454546,0.016955523549956802,0.0060763159488882,0.5466666666666666,-0.06422502334267031,0.10011399889547717,2.785834894943322,-0.004853422757895094,-0.0093683799733478,0.4266666666666667,-0.780209560230886,0.029889678319938197,0.04643510830859337,-0.014511455571211798,0.06906840224792238,-0.03936674571434952,20.866666666666667,20.866666666666667
kr,kr.undervalued_breakout,none,20,earlier,36,360,360,0,40,40,0,320,-0.019299310427576766,-0.0304609224612388,0.3875,0.0665981180562218,6.65362253241272,0.64375,-0.011372319645060245,-0.020416666666666652,0.4111111111111111,-0.20039064832395895,0.13255678108786045,-1.1375074208875735,0.05683804792545817,0.03977321985195334,0.6055555555555555,6.075575996676849,-0.019299310427576766,0.11450416327043496,-0.13069817599384964,0.16356834491102948,-0.16336296163540534,29.583333333333332,29.583333333333332
kr,kr.undervalued_breakout,none,20,recent,15,150,150,0,150,150,0,0,,,,,,,0.003467957127436523,-0.01100892371083245,0.4266666666666667,-0.07502207130730054,0.09911815848306693,0.5246887311007441,0.001756364611228102,-0.000990277878585001,0.4866666666666667,0.2566652023386209,,0.0750132994148411,-0.02658571669636143,0.09945357372924657,-0.05028676401330148,20.866666666666667,20.866666666666667
kr,kr.undervalued_growth,A_strong,5,earlier,2,2,2,0,0,0,0,2,0.0705801104972375,0.0705801104972375,1.0,0.07111042353364065,2.0510808648203205,1.0,0.0705801104972375,0.0705801104972375,1.0,0.054116022099447506,0.0870441988950275,3.4295302013422906,0.07111042353364065,0.07111042353364065,1.0,2.0510808648203205,0.0705801104972375,0.0705801104972375,-0.0180322087692489,0.10373809803691075,-0.04637063594686725,100.0,1.0
kr,kr.undervalued_growth,A_strong,5,recent,1,1,1,0,0,0,0,1,-0.028969957081545,-0.028969957081545,0.0,-0.0846846145564681,,0.0,-0.028969957081545,-0.028969957081545,0.0,-0.028969957081545,-0.028969957081545,,-0.0846846145564681,-0.0846846145564681,0.0,,-0.028969957081545,-0.028969957081545,-0.0686695278969957,0.0150214592274677,-0.0933476394849786,100.0,1.0
kr,kr.undervalued_growth,A_strong,20,earlier,2,2,2,0,0,0,0,2,-0.043164452803573554,-0.043164452803573554,0.5,0.07174903822510313,0.4887950261407681,0.5,-0.043164452803573554,-0.043164452803573554,0.5,-0.14918537674856,0.06285647114141289,-0.32570516232038355,0.07174903822510313,0.07174903822510313,0.5,0.4887950261407681,-0.043164452803573554,0.1258992594334077,-0.14648524744328195,0.20852533207946394,-0.1668126248971435,100.0,1.0
kr,kr.undervalued_growth,A_strong,20,recent,1,1,1,0,1,1,0,0,,,,,,,-0.0858369098712446,-0.0858369098712446,0.0,-0.0858369098712446,-0.0858369098712446,,-0.08822302898141329,-0.08822302898141329,0.0,,,0.0010729613733906,-0.0997854077253218,0.0354077253218885,-0.1201716738197424,100.0,1.0
kr,kr.undervalued_growth,B_moderate2,5,earlier,36,341,341,0,0,0,0,341,0.022145850775764,-0.0033802816901408,0.4574780058651026,0.04433067297498686,2.7706925280337233,0.6480938416422287,0.022145850775764,-0.0033802816901408,0.4574780058651026,-0.083864118895966,0.0846560846560846,1.385508765544834,0.04433067297498686,0.0162996612622526,0.6480938416422287,2.7706925280337233,0.022145850775764,0.06302994385647712,-0.04419795264241538,0.09396711882639042,-0.07611960419637537,100.0,20.067448680351905
kr,kr.undervalued_growth,B_moderate2,5,recent,15,44,44,0,13,13,0,31,0.06110835847333698,0.0611510791366907,0.7741935483870968,-0.012733138055550585,-1.33631468683086,0.3870967741935484,0.043136679380047824,0.0398859833604486,0.7045454545454546,-0.039799080772280705,0.12316640419947504,4.067851989533052,-0.0002577645332644966,0.0010011948836390998,0.5227272727272727,-0.03358183446260993,0.06110835847333698,0.06026126775321736,0.002360321231641729,0.08127709510768555,-0.024364531399850765,100.0,4.0
kr,kr.undervalued_growth,B_moderate2,20,earlier,36,341,341,0,37,37,0,304,0.02908041841507073,-0.0148865522966242,0.45723684210526316,0.11412752599602886,5.409193498481687,0.7796052631578947,0.03215172369517927,-0.0038216560509554,0.4897360703812317,-0.1487889273356401,0.1718538565629228,1.7188034772702294,0.10078718289148635,0.059679435686085705,0.7390029325513197,5.311485027497275,0.02908041841507073,0.13653464035614485,-0.11375242018043523,0.18031670010401132,-0.15257864083115621,100.0,20.067448680351905
kr,kr.undervalued_growth,B_moderate2,20,recent,15,44,44,0,44,44,0,0,,,,,,,0.04647860322218753,0.032580492982662995,0.6136363636363636,-0.05998324921997438,0.1833776113403981,3.0175876440433274,0.019351746937773664,0.010247631270476197,0.5681818181818182,1.5303748335619154,,0.10108702255821883,-0.007468589297347589,0.13488526239573548,-0.03168425167729061,100.0,4.0
kr,kr.undervalued_growth,none,5,earlier,36,360,360,0,0,0,0,360,-0.023381067505686515,-0.026591856254696948,0.3638888888888889,-0.00038304323918103073,-0.11767755583710642,0.46944444444444444,-0.023381067505686515,-0.026591856254696948,0.3638888888888889,-0.14072014932541022,0.08254352810518391,-4.571913373383065,-0.00038304323918103073,-0.0028824356215718973,0.46944444444444444,-0.11767755583710642,-0.023381067505686515,0.032666356959681175,-0.06914180506762947,0.0734794059814649,-0.10179333133579337,100.0,100.0
kr,kr.undervalued_growth,none,5,recent,15,150,150,0,40,40,0,110,0.05458608854664558,0.04701819019111215,0.7,0.01198083179331229,1.6476476409954095,0.5363636363636364,0.026080917196089157,0.01318530261415015,0.54,-0.09302761965001047,0.17377506134228354,2.916104456090383,0.004271970888237269,-0.005523099629322254,0.4866666666666667,0.7408207120906855,0.05458608854664558,0.062991120877168,-0.01771639033481397,0.09539487017918122,-0.04936235219873319,100.0,100.0
kr,kr.undervalued_growth,none,20,earlier,36,360,360,0,40,40,0,320,-0.07704177600772359,-0.08629715897387136,0.31875,0.008855652476074973,1.5357112271357538,0.525,-0.059417627919807085,-0.0611136826513608,0.36944444444444446,-0.24909446946722408,0.13932656452941924,-7.414859982960652,0.008792739650711328,0.004765271467715559,0.5222222222222223,1.6512517872967014,-0.07704177600772359,0.0739494271993619,-0.1712131848414635,0.12097228479574834,-0.20892319346662913,100.0,100.0
kr,kr.undervalued_growth,none,20,recent,15,150,150,0,150,150,0,0,,,,,,,-0.014369406086370778,-0.0315003327866125,0.37333333333333335,-0.1296739130434782,0.12926771838945145,-1.7402575416607506,-0.016080998602579204,-0.01952439588725595,0.38666666666666666,-2.7281738856269624,,0.08295167567386191,-0.037349063602684925,0.12176900337325589,-0.06269411567756651,100.0,100.0
us,us.cheap_value,A_strong,5,earlier,15,17,17,0,0,0,0,17,0.014151673186091215,0.0,0.47058823529411764,0.005481722541618941,0.6310964511262077,0.5294117647058824,0.014151673186091215,0.0,0.47058823529411764,-0.020105784711985042,0.06399234256471327,1.5126395528940406,0.005481722541618941,0.0054941833661806,0.5294117647058824,0.6310964511262077,0.014151673186091215,0.0243045958396926,-0.007296225952906589,0.04134579458888422,-0.02051993339430483,100.0,1.2352941176470589
us,us.cheap_value,A_strong,5,recent,3,4,4,0,1,1,0,3,-0.005304497886606768,-0.006464124111183,0.3333333333333333,0.0082958632702149,0.24989622098831657,0.6666666666666666,-0.001522577737155501,0.0016795293000076497,0.5,-0.05043808249894373,0.04483124139490222,-0.05717663702361466,0.007030843423958174,0.0075676233491886995,0.75,0.2990823679188703,-0.005304497886606768,0.00852378824967125,-0.024432128940795994,0.027317794466087574,-0.034663177861571075,100.0,1.5
us,us.cheap_value,A_strong,20,earlier,15,17,17,0,2,2,0,15,0.09753859983675794,0.1047565460281736,0.8,0.0679999789790525,3.0908792129242193,0.6,0.09713056482660602,0.1047565460281736,0.8235294117647058,-0.004301360079009179,0.18370444589732823,4.97978347833515,0.06632028939872348,0.09690880697172699,0.6470588235294118,3.34341419192533,0.09753859983675794,0.11926446951719957,-0.019831850790474514,0.13202968888230102,-0.03562900954092004,100.0,1.2352941176470589
us,us.cheap_value,A_strong,20,recent,3,4,4,0,4,4,0,0,,,,,,,0.010221223263633446,0.0016795293000076497,0.5,-0.04720482614790461,0.07448062784607216,0.295626842912944,0.011858605167556172,0.0026213142556252497,0.75,0.37055773481107585,,0.01813194800126605,-0.024432128940795994,0.03668337104275385,-0.034663177861571075,100.0,1.5
us,us.cheap_value,B_moderate2,5,earlier,32,320,320,0,0,0,0,320,0.6082275174563703,0.0097532980003519,0.584375,0.5994087415524578,1.4477300036817096,0.54375,0.6082275174563703,0.0097532980003519,0.584375,-0.04902772376243109,0.08949543535879051,1.4687837108538115,0.5994087415524578,0.0055379897082633,0.54375,1.4477300036817096,0.6082275174563703,0.6641564374002601,0.2711351215132104,0.7813196023743201,0.23801331188134492,100.0,18.09375
us,us.cheap_value,B_moderate2,5,recent,15,143,133,10,40,50,0,93,0.0016981773353136511,0.0,0.4838709677419355,-0.003185148758690222,-0.5594056655000699,0.4838709677419355,0.003104965613626831,0.0022999909804275,0.5112781954887218,-0.049558515253421455,0.053076863488204395,0.7404834679403552,-0.0010896254450598764,0.00038387272135130025,0.5112781954887218,-0.2663499532904145,0.0016981773353136511,0.021142414240869344,-0.016261814973923233,0.0428592571672,-0.03092904729385967,100.0,12.104895104895105
us,us.cheap_value,B_moderate2,20,earlier,32,320,320,0,50,50,0,270,0.4580182817469764,0.05563621280186545,0.7333333333333333,0.4357858763430538,1.562802078767453,0.6296296296296297,0.39882541923761095,0.0545361648694935,0.715625,-0.05983070821745049,0.19009433123857689,1.695043737460667,0.37314353430741204,0.026295517929901403,0.615625,1.5853545507244637,0.4580182817469764,0.7831812330354462,0.11048672566976463,0.9300684582294373,0.08420798200275594,100.0,18.09375
us,us.cheap_value,B_moderate2,20,recent,15,143,133,10,133,143,0,0,,,,,,,0.006698567657006815,0.0,0.48120300751879697,-0.07296188543301704,0.09864510271251833,1.165607433904103,0.0021230602275263467,0.0012248794839041007,0.518796992481203,0.37846304413106957,,0.03344972857834326,-0.025638810982377185,0.06425792130240122,-0.04013403418638513,100.0,12.104895104895105
us,us.cheap_value,none,5,earlier,32,320,320,0,0,0,0,320,0.2385634481659571,-0.03559002687369355,0.378125,0.2297446722620446,1.7040194796352397,0.33125,0.2385634481659571,-0.03559002687369355,0.378125,-0.2506830601092896,0.12289157602969532,1.7701939532658981,0.2297446722620446,-0.045791950635791,0.33125,1.7040194796352397,0.2385634481659571,0.3468733066620441,-0.05350788516939041,0.4525762008799884,-0.10289626160555221,100.0,100.0
us,us.cheap_value,none,5,recent,15,150,140,10,40,50,0,100,0.004760733154579335,-0.0005846243788366,0.49,0.00030336653501634043,0.023886393971614118,0.43,-0.0001398963339918854,0.01111660079051385,0.55,-0.1474145120934112,0.1530470496634745,-0.011044295017794544,-0.004064667376986682,0.003916947857067952,0.5,-0.3209734801643855,0.004760733154579335,0.05405667150762439,-0.05733912044094421,0.11433431132239463,-0.10179576819641412,100.0,100.0
us,us.cheap_value,none,20,earlier,32,320,320,0,50,50,0,270,0.4997612879357319,-0.0792997198879552,0.3333333333333333,0.4775288825318093,1.9512259035886403,0.2814814814814815,0.4159973476000303,-0.0700176984555769,0.35,-0.6227512499550986,0.1863460751927012,2.011684820328734,0.39031546266983147,-0.09934661022213914,0.290625,1.8867604456937053,0.4997612879357319,1.2764706407424864,-0.2602780489528494,1.458142369919099,-0.30144503868745626,100.0,100.0
us,us.cheap_value,none,20,recent,15,150,140,10,140,150,0,0,,,,,,,0.012477142299770929,0.0200006961849067,0.5928571428571429,-0.21834011759384883,0.18562726061298304,0.7354733749068125,0.00800190750830257,0.01797862919002885,0.5857142857142857,0.47161043555802795,,0.10634206298929517,-0.08582084470073292,0.18280929994384432,-0.1262858915303939,100.0,100.0
us,us.consecutive_gainers,B_moderate2,5,earlier,4,4,4,0,0,0,0,4,-0.01492024194013725,-0.007355722171190949,0.5,-0.032677093987023675,-7.347249450053497,0.0,-0.01492024194013725,-0.007355722171190949,0.5,-0.040001407287195034,0.004109307591763501,-1.1837887603640407,-0.032677093987023675,-0.03557617755332955,0.0,-7.347249450053497,-0.01492024194013725,0.010495360879950951,-0.016569355297017575,0.025324585480374074,-0.022458696347725973,70.5,1.0
us,us.consecutive_gainers,B_moderate2,5,recent,1,1,1,0,0,0,0,1,-0.0021593608291945,-0.0021593608291945,0.0,-0.0213868870708815,,0.0,-0.0021593608291945,-0.0021593608291945,0.0,-0.0021593608291945,-0.0021593608291945,,-0.0213868870708815,-0.0213868870708815,0.0,,-0.0021593608291945,0.0171669185920966,-0.0021593608291945,0.0328222846037571,-0.0103649319801339,60.0,1.0
us,us.consecutive_gainers,B_moderate2,20,earlier,4,4,4,0,3,3,0,1,0.0247327064279274,0.0247327064279274,1.0,-0.028158520179870705,,0.0,0.026081694027237548,0.012312281623177499,0.5,-0.00018382703751680998,0.06336274501523996,1.3814042955591566,-0.018580763309570175,-0.03403581357121115,0.25,-0.9586391336284986,0.0247327064279274,0.043797406470260196,-0.03538935253014577,0.054755078574031626,-0.044109112655798,70.5,1.0
us,us.consecutive_gainers,B_moderate2,20,recent,1,1,1,0,1,1,0,0,,,,,,,-0.0017274886633558,-0.0017274886633558,0.0,-0.0017274886633558,-0.0017274886633558,,-0.0285247941801858,-0.0285247941801858,0.0,,,0.0212697041675664,-0.0130641330166271,0.0359533578060893,-0.0201900237529691,60.0,1.0
us,us.consecutive_gainers,none,5,earlier,32,320,320,0,0,0,0,320,0.12991944924224835,-0.032408744930273806,0.38125,0.12110067333833577,0.958612419534206,0.353125,0.12991944924224835,-0.032408744930273806,0.38125,-0.21444937024774435,0.14009634007566782,1.028746498666615,0.12110067333833577,-0.03780048406859665,0.353125,0.958612419534206,0.12991944924224835,0.22558391403471978,-0.0432770327955896,0.2945320223446585,-0.08783520852296071,75.59375,75.59375
us,us.consecutive_gainers,none,5,recent,15,150,140,10,40,50,0,100,0.022230603738145952,0.02057467152835475,0.54,0.017773237118582946,0.988627777850012,0.53,0.0048152597803843575,-0.0071021431828546,0.4714285714285714,-0.16885043570742408,0.1947816784984927,0.34151456651511375,0.0008904887373895578,-0.012229579332349999,0.4642857142857143,0.06363412500840285,0.022230603738145952,0.07047193017705197,-0.05263347080375163,0.13217780971661655,-0.10518825076916315,85.0,85.0
us,us.consecutive_gainers,none,20,earlier,32,320,320,0,50,50,0,270,0.22297342342254456,-0.0694916238561108,0.37777777777777777,0.2007410180186221,1.0236185484264395,0.34814814814814815,0.18506309257063397,-0.0455022163256192,0.403125,-0.3621193792366878,0.249110671936759,1.1182878976927932,0.15938120764043498,-0.0763558466677012,0.353125,0.962548491323617,0.22297342342254456,0.5293886912849557,-0.17148006955799916,0.7092871216733998,-0.20820959075974305,75.59375,75.59375
us,us.consecutive_gainers,none,20,recent,15,150,140,10,140,150,0,0,,,,,,,-0.045549980719639616,-0.022545736687357,0.4357142857142857,-0.2883270155972044,0.22034947073474484,-2.2967053062506078,-0.05002521551110797,-0.024422579238684402,0.42142857142857143,-2.5191602452278015,,0.09766403871292383,-0.11648114063686117,0.158049947056487,-0.1613384503235312,85.0,85.0
us,us.high_volume_surge,A_strong,5,earlier,21,33,33,0,0,0,0,33,0.04662304864870703,0.0347222222222223,0.7272727272727273,0.031925499945616845,2.685532803828904,0.6363636363636364,0.04662304864870703,0.0347222222222223,0.7272727272727273,-0.038527058738593314,0.1387756790578859,3.810560603015661,0.031925499945616845,0.026157660302928896,0.6363636363636364,2.685532803828904,0.04662304864870703,0.06305156833759944,-0.01250089399057035,0.07643473960778895,-0.026497053183453093,100.0,1.9696969696969697
us,us.high_volume_surge,A_strong,5,recent,6,6,5,1,3,4,0,2,0.0477951953706712,0.0477951953706712,1.0,0.03748528812947824,0.939716053412026,0.5,0.0153120311851925,0.0111699000587888,0.8,-0.018469527633877998,0.053722881960253745,0.8626121930255832,0.008272883700984276,0.001672431912896101,0.6,0.43757647572306185,0.0477951953706712,0.025775999568104994,-0.0006418258533368006,0.048888854021675476,-0.01860099209667404,100.0,1.0
us,us.high_volume_surge,A_strong,20,earlier,21,33,33,0,12,12,0,21,0.03957132225256128,0.0409684210526315,0.8095238095238095,0.020450588349430292,1.5353876969978721,0.7142857142857143,0.040627988900050684,0.0409684210526315,0.8181818181818182,-0.029424736036881956,0.11129394145240044,3.6386313086894915,0.012173428010209547,0.015035780725408503,0.6363636363636364,1.1610643869780113,0.03957132225256128,0.1045275715145384,-0.03030731838844771,0.11771109667826256,-0.040149732095518045,100.0,1.9696969696969697
us,us.high_volume_surge,A_strong,20,recent,6,6,5,1,5,6,0,0,,,,,,,0.023384072839774762,0.0111699000587888,0.8,-0.018469527633877998,0.06988171453195516,1.1812711957019313,0.01774018637559626,0.0032561775801317003,0.8,0.8874319721486247,,0.033399347537289056,-0.0006418258533368006,0.05423985788466047,-0.01860099209667404,100.0,1.0
us,us.high_volume_surge,B_moderate2,5,earlier,32,288,288,0,0,0,0,288,0.022606977804271573,0.019467601364153,0.6041666666666666,0.013738420720750728,2.556642323202046,0.5555555555555556,0.022606977804271573,0.019467601364153,0.6041666666666666,-0.08717782240408264,0.1540269783572882,3.9459341939901167,0.013738420720750728,0.00911617176946395,0.5555555555555556,2.556642323202046,0.022606977804271573,0.05366437534418183,-0.031339648809662425,0.08027238546200685,-0.05560049172634984,100.0,11.833333333333334
us,us.high_volume_surge,B_moderate2,5,recent,15,61,53,8,20,28,0,33,0.058159273715322896,0.0119308338508807,0.5757575757575758,0.05314252760008923,1.3101183374950256,0.5151515151515151,0.03842990416500974,0.0115273775216138,0.6037735849056604,-0.08430537377344356,0.07757037844504407,1.5022767438020996,0.03376773447802498,0.0020299093757211,0.5660377358490566,1.32745718337098,0.058159273715322896,0.05776983869643261,-0.007650388825770547,0.09671573768473131,-0.038222336800339075,100.0,5.0
us,us.high_volume_surge,B_moderate2,20,earlier,32,288,288,0,48,48,0,240,0.2583554775297203,0.05259123528558915,0.7,0.235374146800801,1.6092317375359049,0.65,0.23777654070115142,0.06139698706079795,0.7222222222222222,-0.09173853179330466,0.20909053427239876,1.9500491100239754,0.21120930748593178,0.03988316183789925,0.6527777777777778,1.731936733885341,0.2583554775297203,0.3523300939850016,-0.07068236168947976,0.38872055878128564,-0.09057163012070595,100.0,11.833333333333334
us,us.high_volume_surge,B_moderate2,20,recent,15,61,53,8,53,61,0,0,,,,,,,0.0382136517756092,0.0111699000587888,0.660377358490566,-0.056558334179184516,0.11550446908417493,1.6091864727076297,0.033331860989014236,0.003933851927669899,0.5849056603773585,1.4114998989759762,,0.07549286020808504,-0.015328881639397962,0.11729253873307957,-0.04322203148956496,100.0,5.0
us,us.high_volume_surge,none,5,earlier,32,320,320,0,0,0,0,320,-0.06067357369625905,-0.0881410566081486,0.303125,-0.06949234960017156,-0.8976854877705494,0.290625,-0.06067357369625905,-0.0881410566081486,0.303125,-0.49076652754590977,0.11214208676895271,-0.7828192108928442,-0.06949234960017156,-0.0985129293791679,0.290625,-0.8976854877705494,-0.06067357369625905,0.1451472463845072,-0.19560811096814118,0.31201294403964475,-0.2352548687537878,100.0,100.0
us,us.high_volume_surge,none,5,recent,15,150,140,10,40,50,0,100,-0.1298356082654216,-0.09707412790697675,0.29,-0.13429297488498454,-6.1225329375584305,0.28,-0.1202634929596034,-0.0781444627815287,0.2857142857142857,-0.3812450079090382,0.0830665112576159,-6.594591585019239,-0.1241882640025982,-0.08485517482713811,0.29285714285714287,-6.847233893291888,-0.1298356082654216,0.0037923277381811766,-0.1553653015004522,0.12044357457297826,-0.20118811516477844,100.0,100.0
us,us.high_volume_surge,none,20,earlier,32,320,320,0,50,50,0,270,-0.018239922676000924,-0.1743665889437642,0.28888888888888886,-0.040472328079923445,-0.2893386635111136,0.24444444444444444,-0.042401614090890556,-0.17745092048597455,0.2875,-0.6633169177734345,0.148801417666593,-0.3584244709838843,-0.06808349902108947,-0.19615418267497353,0.24375,-0.5752915670172821,-0.018239922676000924,0.43016920409486537,-0.3211606931996493,0.6762396625060879,-0.3455459845462271,100.0,100.0
us,us.high_volume_surge,none,20,recent,15,150,140,10,140,150,0,0,,,,,,,-0.1536895242525718,-0.09441124780316329,0.22857142857142856,-0.49538759689922474,0.1052876217536915,-7.549141586991751,-0.15816475904404012,-0.10078475713404685,0.2357142857142857,-7.748442564965804,,0.013102182554442388,-0.19094892198987057,0.151556975075855,-0.23082058216893994,100.0,100.0
us,us.high_yield_value,A_strong,5,earlier,8,12,12,0,0,0,0,12,0.03013197950767107,0.04311131458634215,0.75,0.01751345082171847,0.8076410706054051,0.75,0.03013197950767107,0.04311131458634215,0.75,-0.0572235443990851,0.09773208651657422,1.5369293941022553,0.01751345082171847,0.0228527494767719,0.75,0.8076410706054051,0.03013197950767107,0.04541513059507039,-0.010488626016747075,0.055501385117750573,-0.022454808333905868,100.0,2.1666666666666665
us,us.high_yield_value,A_strong,5,recent,10,13,13,0,6,6,0,7,-0.006418546225236642,-0.0102234902520209,0.2857142857142857,-0.007746662241987624,-0.4304248143625156,0.42857142857142855,-0.009904026966256647,-0.0100076248570338,0.3076923076923077,-0.051750833593358095,0.016759674030788284,-1.0085522450235727,-0.012031601169041182,-0.012496118753119399,0.38461538461538464,-1.1034493344409473,-0.006418546225236642,0.010920987149267754,-0.01751509867762511,0.028296947596696966,-0.027368208424258356,100.0,1.4615384615384615
us,us.high_yield_value,A_strong,20,earlier,8,12,12,0,2,2,0,10,0.03784288474195371,-0.003765185692939099,0.5,0.00274710284881084,0.05356404986497593,0.5,0.04067628021570941,0.0488872001853475,0.5833333333333334,-0.09614231428081396,0.14268963155192707,0.9496033612213716,0.00470518118738855,0.004464476824529301,0.5833333333333334,0.11105274041682152,0.03784288474195371,0.09884041297609485,-0.04369968132923727,0.1118965401831392,-0.05857917308577384,100.0,2.1666666666666665
us,us.high_yield_value,A_strong,20,recent,10,13,13,0,13,13,0,0,,,,,,,-0.006624045959975585,-0.0051366447237183,0.38461538461538464,-0.051750833593358095,0.03695879221423336,-0.6322555208492954,-0.010139295888848905,-0.012496118753119399,0.38461538461538464,-0.8810166035708424,,0.011579365547192778,-0.018909189340694778,0.028301519819528817,-0.03048441108288474,100.0,1.4615384615384615
us,us.high_yield_value,B_moderate2,5,earlier,32,307,307,0,0,0,0,307,0.01831549566948625,0.0144092219020173,0.6123778501628665,0.008990645988694007,1.9579711699763032,0.5407166123778502,0.01831549566948625,0.0144092219020173,0.6123778501628665,-0.05552383623107124,0.10402471909130244,3.9052449672186365,0.008990645988694007,0.006396425241446301,0.5407166123778502,1.9579711699763032,0.01831549566948625,0.04530402049695584,-0.024264062188671214,0.06737775888092398,-0.04302923949405729,100.0,14.26384364820847
us,us.high_yield_value,B_moderate2,5,recent,15,134,128,6,38,44,0,90,0.018785623343475062,0.0035248616868138,0.5222222222222223,0.013385246770299898,1.4228413955089858,0.5,0.015064695865852283,0.0022359845123277,0.5234375,-0.04083911424490748,0.06244778796246441,2.2257082649638815,0.010560083537752937,0.0015989644400686998,0.5078125,1.5676526391190946,0.018785623343475062,0.036325799864357036,-0.016518457602535695,0.05946084925097722,-0.0354123731586713,100.0,10.238805970149254
us,us.high_yield_value,B_moderate2,20,earlier,32,307,307,0,49,49,0,258,0.0762794699953237,0.09018817136421714,0.7170542635658915,0.05367952867137058,5.480168207304433,0.6744186046511628,0.07814118828930004,0.0905311158798283,0.7003257328990228,-0.06801356709978304,0.25555124821843767,8.668637319859123,0.05206159996225279,0.0683392284753625,0.6514657980456026,5.86110506339841,0.0762794699953237,0.1398431807750578,-0.05730884238830781,0.1647813673761956,-0.07765149689809776,100.0,14.26384364820847
us,us.high_yield_value,B_moderate2,20,recent,15,134,128,6,128,134,0,0,,,,,,,0.03375288292888318,0.0126083197914489,0.59375,-0.05363511979611305,0.13563592026647658,3.5651771474626366,0.02872270589632132,0.008480459422413801,0.5703125,3.0819740141237757,,0.05867259340855579,-0.02209059030323087,0.08410245801042181,-0.04346808054221806,100.0,10.238805970149254
us,us.high_yield_value,none,5,earlier,32,320,320,0,0,0,0,320,0.11842261222381412,0.01820869847184545,0.621875,0.1096038363199016,2.6795632875498687,0.5875,0.11842261222381412,0.01820869847184545,0.621875,-0.08542049766868459,0.1367686127130175,2.89333471594217,0.1096038363199016,0.01609804424008485,0.5875,2.6795632875498687,0.11842261222381412,0.16319474601057285,-0.01660851654066203,0.21359824707813013,-0.05079050507544684,100.0,100.0
us,us.high_yield_value,none,5,recent,15,150,140,10,40,50,0,100,0.01107105960864807,-0.0028594288236731,0.47,0.006613692989085076,0.6281658965711376,0.53,0.013939230800689163,0.0024731919921526,0.5428571428571428,-0.08129061486150765,0.10618756835581486,1.7816768059298382,0.010014459757694367,0.0052957302603014005,0.5571428571428572,1.2795274240227723,0.01107105960864807,0.04718547548167765,-0.03260873059431819,0.08335502609484441,-0.062349670762455234,100.0,100.0
us,us.high_yield_value,none,20,earlier,32,320,320,0,50,50,0,270,0.28946475168994984,0.1014449642514588,0.7444444444444445,0.2672323462860273,4.658006246685006,0.6814814814814815,0.2574315963717722,0.09407099947794506,0.746875,-0.07017565650556655,0.3119120940649499,5.303928449460424,0.23174971144157325,0.07230190841621825,0.6625,4.75644676628385,0.28946475168994984,0.4015956041289771,-0.04893216566258669,0.4537699179029261,-0.09495364208442132,100.0,100.0
us,us.high_yield_value,none,20,recent,15,150,140,10,140,150,0,0,,,,,,,0.03187758361717274,0.0055171656248127,0.55,-0.08943696227160802,0.15153909135251895,2.9332034312932618,0.027402348825704387,0.0035397082809281505,0.5428571428571428,2.5309857495489765,,0.06925756939202816,-0.04276413949102901,0.11153382118545238,-0.0756365143944197,100.0,100.0
us,us.random,none,5,earlier,32,320,320,0,0,0,0,320,0.01634756312534489,0.0106096567300488,0.575,0.007528787221432365,1.1062486696359792,0.553125,0.01634756312534489,0.0106096567300488,0.575,-0.07703854012941304,0.10622289641118213,2.386423130399911,0.007528787221432365,0.00371361939435265,0.553125,1.1062486696359792,0.01634756312534489,0.04614737306775034,-0.02967411132432417,0.06953648238537516,-0.04913825338199326,10.0,10.0
us,us.random,none,5,recent,15,150,140,10,40,50,0,100,0.009262546152173869,-0.0044935723756268,0.47,0.004805179532610876,0.5641038617358352,0.46,0.011013033563154678,0.0029265274656565497,0.5285714285714286,-0.047646809831951714,0.1095748139930761,1.738236120290627,0.007088262520159881,-1.4763377192299524e-05,0.5,1.1028254935797746,0.009262546152173869,0.032879024432064266,-0.01944977786575676,0.05095923167209872,-0.03885517005316251,10.0,10.0
us,us.random,none,20,earlier,32,320,320,0,50,50,0,270,0.019807895890107875,0.0169938489635856,0.5777777777777777,-0.002424509513814612,-0.25443408665930256,0.4888888888888889,0.026890427832004016,0.02050511226696445,0.584375,-0.15407797572764673,0.20729643585785684,2.5559385605536464,0.0012085429018051104,-0.0033003272277530994,0.4875,0.1151104607837919,0.019807895890107875,0.10750362513479357,-0.07320971966424845,0.13184639993500089,-0.09046734293503648,10.0,10.0
us,us.random,none,20,recent,15,150,140,10,140,150,0,0,,,,,,,0.017184002109241602,-0.00100068618916735,0.5,-0.06786277323014851,0.14261047185970485,1.9404205879173513,0.012708767317773245,-0.008021727057868449,0.4642857142857143,1.4417971715596651,,0.047946818819462916,-0.0309368550261403,0.06703902901720318,-0.049008155518008197,10.0,10.0
us,us.steady_dividend,A_strong,5,earlier,27,54,54,0,0,0,0,54,0.002504494636610302,0.005913978201906801,0.5740740740740741,-0.0070985319239319266,-1.993803770525321,0.42592592592592593,0.002504494636610302,0.005913978201906801,0.5740740740740741,-0.030027414346516852,0.03213494223845416,0.8217435276810026,-0.0070985319239319266,-0.0036994898309053994,0.42592592592592593,-1.993803770525321,0.002504494636610302,0.016336640429229502,-0.01001072607593012,0.027186539135428095,-0.02005444657093748,100.0,2.4444444444444446
us,us.steady_dividend,A_strong,5,recent,8,10,8,2,4,6,0,4,0.0188098842750441,0.0176678474123354,0.5,0.014986373293756374,0.9042612916753466,0.5,0.009388946928520174,-0.0040253225035833,0.375,-0.02081693317945211,0.045180077923177374,0.8522283920761767,0.004468017552307826,-0.005811869157206651,0.375,0.43994792651525944,0.0188098842750441,0.0213781713318734,-0.003610500218503537,0.037390055744654614,-0.017711604478898687,100.0,1.4
us,us.steady_dividend,A_strong,20,earlier,27,54,54,0,9,9,0,45,-0.003028729628268189,-0.0013829404848212,0.4666666666666667,-0.02721671302655614,-3.533021788509437,0.2222222222222222,0.006996701846489168,0.007995907191931849,0.5555555555555556,-0.05147658130437033,0.08339504829776662,0.8987057931311329,-0.020628206169490366,-0.020618521476390296,0.25925925925925924,-2.8899688629106866,-0.003028729628268189,0.04686436631002376,-0.030652708738982428,0.057790364697414234,-0.04384272520976862,100.0,2.4444444444444446
us,us.steady_dividend,A_strong,20,recent,8,10,8,2,8,10,0,0,,,,,,,0.014942199591894889,0.01195293836598185,0.5,-0.02226929568913448,0.051005201835605446,1.1752004853578593,0.0076530318558565395,-0.0034668065063352994,0.5,0.6782131183002598,,0.031073498490956714,-0.004215651264204524,0.05270942668732263,-0.018316755524599673,100.0,1.4
us,us.steady_dividend,B_moderate2,5,earlier,32,319,319,0,0,0,0,319,0.005473156691278589,0.008070432868672,0.5799373040752351,-0.0034188468621374206,-1.2156310000667705,0.48589341692789967,0.005473156691278589,0.008070432868672,0.5799373040752351,-0.04608349098683872,0.05616474615203882,1.896196797965794,-0.0034188468621374206,-0.0009420133032695018,0.48589341692789967,-1.2156310000667705,0.005473156691278589,0.025520597228450924,-0.018599303054438292,0.04126702504282698,-0.030864592800653845,100.0,26.21003134796238
us,us.steady_dividend,B_moderate2,5,recent,15,142,132,10,40,50,0,92,0.013656217863874266,0.0103912791307513,0.6630434782608695,0.009116379492769255,1.7929278643309214,0.5652173913043478,0.009816330005770682,0.0066131288404855,0.6212121212121212,-0.023336740654205587,0.03852013549393212,2.6424122336138276,0.005866357170887101,0.0011497708654881504,0.5303030303030303,1.589707741326599,0.013656217863874266,0.02077674062943179,-0.009255093128572991,0.03143449627175895,-0.021661644768645058,100.0,12.605633802816902
us,us.steady_dividend,B_moderate2,20,earlier,32,319,319,0,50,50,0,269,0.028391878765666716,0.0194865527196992,0.6245353159851301,0.006231522510338666,1.1294499524963046,0.4721189591078067,0.03647828584306298,0.0234260707658595,0.6520376175548589,-0.04980197689329306,0.15841455544835975,6.290491828345847,0.010846343676016498,-0.0027772709922909006,0.4890282131661442,1.9255909328664302,0.028391878765666716,0.07600939255846456,-0.045091561649347134,0.09029534489120733,-0.060448975169321024,100.0,26.21003134796238
us,us.steady_dividend,B_moderate2,20,recent,15,142,132,10,132,142,0,0,,,,,,,0.012170434595112137,0.00676297626855875,0.5606060606060606,-0.024286909573124467,0.04781491892531652,2.7944639214432803,0.007467136609767767,0.00237214542953765,0.5151515151515151,1.762558741074751,,0.02886045839858927,-0.013804455165264186,0.04034226208360976,-0.025838635652776394,100.0,12.605633802816902
us,us.steady_dividend,none,5,earlier,32,320,320,0,0,0,0,320,-0.004900674823642516,0.0,0.490625,-0.013719450727555038,-3.139720513300383,0.4375,-0.004900674823642516,0.0,0.490625,-0.09542434284853499,0.07361448711716086,-1.0728477661392963,-0.013719450727555038,-0.005604327817863301,0.4375,-3.139720513300383,-0.004900674823642516,0.03410159744277502,-0.039687739589640614,0.06873779298499996,-0.05976079153555364,100.0,100.0
us,us.steady_dividend,none,5,recent,15,150,140,10,40,50,0,100,0.016092400783394144,0.00496737477309505,0.57,0.011635034163831146,1.53095733214875,0.56,0.013718234704470568,0.0024053968832536,0.5357142857142857,-0.06033795253411344,0.09035806729939602,2.337886958973545,0.009793463661475774,0.0021558389599002498,0.5428571428571428,1.711283962150388,0.016092400783394144,0.03838447110201124,-0.01984650655292039,0.07581355645924696,-0.04506107179571117,100.0,100.0
us,us.steady_dividend,none,20,earlier,32,320,320,0,50,50,0,270,-0.012585126453318001,0.0050787480455221495,0.5111111111111111,-0.03481753185724049,-4.131417051202623,0.4222222222222222,0.00045531010593971024,0.010140012109009451,0.53125,-0.22534999247328016,0.17709759356472465,0.054587947728468124,-0.025226574824259208,-0.01167339859445525,0.45,-3.106512227874476,-0.012585126453318001,0.09172217359415381,-0.09214402250025383,0.1303770916630096,-0.11611767940908853,100.0,100.0
us,us.steady_dividend,none,20,recent,15,150,140,10,140,150,0,0,,,,,,,0.012200641701621686,0.0035436902559358996,0.5428571428571428,-0.09513210174371259,0.11482103788209744,1.709528079622835,0.007725406910153328,0.00185254186229,0.5357142857142857,1.0968758812057677,,0.048443791140551716,-0.028448555563728196,0.09498824563599041,-0.0525821822827253,100.0,100.0
us,us.top_gainers,A_strong,5,recent,1,1,1,0,0,0,0,1,0.0054815974941269,0.0054815974941269,1.0,0.005423273010693671,,1.0,0.0054815974941269,0.0054815974941269,1.0,0.0054815974941269,0.0054815974941269,,0.005423273010693671,0.005423273010693671,1.0,,0.0054815974941269,0.2176977290524668,-0.0046985121378229,0.3171495693030541,-0.018794048551292,100.0,1.0
us,us.top_gainers,A_strong,20,recent,1,1,1,0,1,1,0,0,,,,,,,0.0963194988253719,0.0963194988253719,1.0,0.0963194988253719,0.0963194988253719,,0.0971137378885506,0.0971137378885506,1.0,,,0.2176977290524668,-0.0046985121378229,0.3171495693030541,-0.018794048551292,100.0,1.0
us,us.top_gainers,B_moderate2,5,earlier,17,29,29,0,0,0,0,29,0.03773292069716332,0.0467863894139886,0.6206896551724138,0.027427816139121163,1.6416090135480286,0.6206896551724138,0.03773292069716332,0.0467863894139886,0.6206896551724138,-0.05597909601815638,0.16247166134645566,2.2668931011908615,0.027427816139121163,0.022464119462840798,0.6206896551724138,1.6416090135480286,0.03773292069716332,0.09143972855982772,-0.003148078141065474,0.1333038784344438,-0.04494881606254691,100.0,2.3793103448275863
us,us.top_gainers,B_moderate2,5,recent,3,3,3,0,0,0,0,3,-0.06663435919421166,-0.086458252124425,0.3333333333333333,-0.06195493843392613,-1.7933017155214885,0.3333333333333333,-0.06663435919421166,-0.086458252124425,0.3333333333333333,-0.11243278878675451,-0.012906372429583476,-1.7885429598925957,-0.06195493843392613,-0.0823843425027048,0.3333333333333333,-1.7933017155214885,-0.06663435919421166,0.046645138505061724,-0.08051670022685757,0.12256364204976006,-0.09076059705250429,100.0,1.0
us,us.top_gainers,B_moderate2,20,earlier,17,29,29,0,4,4,0,25,0.060802419477089885,0.0502172462666503,0.68,0.034326200324831066,0.9157809536301894,0.6,0.06497071024478364,0.0529100529100527,0.6896551724137931,-0.12826378248075035,0.3306166042721868,1.9382473507498514,0.03575002155561206,0.028087025320674298,0.6206896551724138,1.0946323136563718,0.060802419477089885,0.19422239765818042,-0.08318350222789543,0.23854723337658693,-0.11282390052635992,100.0,2.3793103448275863
us,us.top_gainers,B_moderate2,20,recent,3,3,3,0,3,3,0,0,,,,,,,-0.026428081800799863,-0.0566773212754346,0.3333333333333333,-0.10647660261695643,0.0657201348052106,-0.413259001752448,-0.024090780076480366,-0.060482332308224404,0.3333333333333333,-0.3873526335921789,,0.046645138505061724,-0.08051670022685757,0.12256364204976006,-0.09468461150119327,100.0,1.0
us,us.top_gainers,none,5,earlier,32,320,320,0,0,0,0,320,-0.0021234885754611854,-0.17962564943943116,0.2375,-0.010942264479373732,-0.10866116903155534,0.221875,-0.0021234885754611854,-0.17962564943943116,0.2375,-0.5221992534798725,0.16190290294756268,-0.02106366340877796,-0.010942264479373732,-0.18285245997293226,0.221875,-0.10866116903155534,-0.0021234885754611854,0.28071945451698144,-0.2364692258777156,0.5634261591389619,-0.29538728462050606,100.0,100.0
us,us.top_gainers,none,5,recent,15,150,140,10,40,50,0,100,-0.09948851922786359,-0.14446144430844546,0.26,-0.1039458858474266,-2.7690809685708886,0.23,-0.09566486982728233,-0.14137013168954882,0.2785714285714286,-0.4216907775768536,0.1876754695664457,-3.079301315004378,-0.09958964087027714,-0.13664593446129666,0.2571428571428571,-3.2095468120205504,-0.09948851922786359,0.03297780592797629,-0.16242329603585987,0.21279718506950449,-0.23399389359883235,100.0,100.0
us,us.top_gainers,none,20,earlier,32,320,320,0,50,50,0,270,-0.04577116806965033,-0.3071799890714786,0.2,-0.06800357347357282,-0.46349838402483107,0.15555555555555556,-0.07272603023310589,-0.294900636432061,0.19375,-0.6682673938079589,0.1354553181511769,-0.5862139828450216,-0.09840791516330483,-0.33211762282787033,0.153125,-0.7926987156332049,-0.04577116806965033,0.5541129085147304,-0.38132541398942915,0.924791681798753,-0.41287496572565763,100.0,100.0
us,us.top_gainers,none,20,recent,15,150,140,10,140,150,0,0,,,,,,,-0.11153959179983183,-0.18041108484370894,0.2785714285714286,-0.47050422409959985,0.2879607251527783,-3.1573909341831423,-0.11601482659130019,-0.1826902053969649,0.2571428571428571,-3.2781935105345896,,0.05356768840367713,-0.19814945108776275,0.23535623719447848,-0.2644979283240957,100.0,100.0
us,us.top_losers,A_strong,5,earlier,12,22,22,0,0,0,0,22,0.006335205243762649,0.00933833151320135,0.6363636363636364,-0.004426758945426975,-0.3739802260475393,0.45454545454545453,0.006335205243762649,0.00933833151320135,0.6363636363636364,-0.06148834833262383,0.058315303086394266,0.6001687729820132,-0.004426758945426975,-0.0043187446303300505,0.45454545454545453,-0.3739802260475393,0.006335205243762649,0.029991812314867472,-0.022343398463266204,0.048044166547534226,-0.04194620502398345,100.0,2.1818181818181817
us,us.top_losers,A_strong,5,recent,6,12,8,4,1,5,0,7,-0.003081028579115704,-0.0193141505715412,0.42857142857142855,-0.00957716261038266,-0.3078944366499368,0.2857142857142857,-0.005263842436572665,-0.0199288450051563,0.375,-0.0844132657617213,0.061842260761485225,-0.18055637176681308,-0.010759341709775274,-0.017137418177672302,0.25,-0.3990269661106617,-0.003081028579115704,0.022877947937226088,-0.027507979290286016,0.0551009736683666,-0.05022439124055913,100.0,3.0
us,us.top_losers,A_strong,20,earlier,12,22,22,0,9,9,0,13,0.07164422863213876,0.090066225165563,0.7692307692307693,0.034727494390736656,0.762546914082625,0.6153846153846154,0.04026077443183121,0.007671647851959701,0.5909090909090909,-0.08945638676563915,0.1811175147798062,1.3595158359013788,0.000611467474143513,-0.0399278643161973,0.45454545454545453,0.020736487818994512,0.07164422863213876,0.107093423388935,-0.06440671380509949,0.1257362229854546,-0.08172369003402234,100.0,2.1818181818181817
us,us.top_losers,A_strong,20,recent,6,12,8,4,8,12,0,0,,,,,,,-0.027195208341517136,-0.03717548955707705,0.375,-0.1498689477752648,0.0903045586138474,-0.6303665499362601,-0.03518697818194784,-0.03897139726066035,0.375,-0.84344522269194,,0.03142176635342692,-0.06160739684916835,0.06406781945282752,-0.08026245526525261,100.0,3.0
us,us.top_losers,B_moderate2,5,earlier,32,302,302,0,0,0,0,302,0.023501823096293298,0.00892593013994765,0.543046357615894,0.014419967619217489,2.1334388966058793,0.5264900662251656,0.023501823096293298,0.00892593013994765,0.543046357615894,-0.09272652485603472,0.1478254045864731,3.3907708569769888,0.014419967619217489,0.00216786579055365,0.5264900662251656,2.1334388966058793,0.023501823096293298,0.06677754873686743,-0.04075116036666162,0.09939970037243158,-0.0669941119315864,100.0,13.172185430463577
us,us.top_losers,B_moderate2,5,recent,15,121,111,10,30,40,0,81,0.023417113506555974,0.0194082087177855,0.6049382716049383,0.017209313507991285,1.7995311899544655,0.5802469135802469,0.01910598649891196,0.0114678899082569,0.5855855855855856,-0.0585635359116023,0.111838360842345,2.502328445110812,0.01414912560842368,0.007158466873034901,0.5585585585585585,1.8740241884825812,0.023417113506555974,0.04370841309330689,-0.020608890124299888,0.07133152302740373,-0.044707618911900955,100.0,10.421487603305785
us,us.top_losers,B_moderate2,20,earlier,32,302,302,0,50,50,0,252,0.009284578405247193,0.0070825740894246494,0.5079365079365079,-0.014161818045454803,-1.1995649840414866,0.44841269841269843,0.027264639998573963,0.0119697756034229,0.5364238410596026,-0.19341670524013974,0.27147183220374255,2.3426879258118785,0.00036415779929753467,-0.0128722505918243,0.46688741721854304,0.0319589939249999,0.009284578405247193,0.15257623751395336,-0.10350464921067361,0.18740542333266721,-0.12537611156133688,100.0,13.172185430463577
us,us.top_losers,B_moderate2,20,recent,15,121,111,10,111,121,0,0,,,,,,,0.005007322784389875,-0.0044247787610619,0.4774774774774775,-0.0998349834983497,0.1200823755869768,0.42517998924471817,-0.0004804756557433856,-0.0059134581259964,0.44144144144144143,-0.04116223725673522,,0.058901641483506656,-0.04328527032676329,0.0890810388943159,-0.06692961841500827,100.0,10.421487603305785
us,us.top_losers,none,5,earlier,32,320,320,0,0,0,0,320,0.016688265543627078,-0.05534537941379725,0.3625,0.007869489639714577,0.1672959887067498,0.35,0.016688265543627078,-0.05534537941379725,0.3625,-0.44840433626882015,0.3555641396176081,0.3547414819225446,0.007869489639714577,-0.07404744601916391,0.35,0.1672959887067498,0.016688265543627078,0.2202154531808514,-0.15943570814622357,0.4436444136717455,-0.2282326815609345,100.0,100.0
us,us.top_losers,none,5,recent,15,150,140,10,40,50,0,100,-0.01788943289682034,-0.04314911615097075,0.42,-0.02234679951638334,-0.7491159251671873,0.4,-0.05143000846506425,-0.05966461951828035,0.38571428571428573,-0.3515083333333333,0.20484720353642133,-2.098551128538847,-0.05535477950805903,-0.06691502481699195,0.36428571428571427,-2.2646253548480124,-0.01788943289682034,0.05669804065085648,-0.11407667801972822,0.19411805114271835,-0.16819801138011375,100.0,100.0
us,us.top_losers,none,20,earlier,32,320,320,0,50,50,0,270,-0.06034289332243745,-0.2103777320240734,0.3111111111111111,-0.08257529872635991,-0.986113797962512,0.2851851851851852,-0.06296313933829292,-0.20265403923291586,0.334375,-0.6688012345679012,0.33659243077438616,-0.8824373366301741,-0.08864502426849181,-0.2370865472805978,0.3,-1.2432832048150073,-0.06034289332243745,0.5741657808146862,-0.3152262513573472,0.869278788814378,-0.35622605425695547,100.0,100.0
us,us.top_losers,none,20,recent,15,150,140,10,140,150,0,0,,,,,,,-0.07421861896925315,-0.09227980895818444,0.35714285714285715,-0.34870385395537523,0.19801552912884932,-2.5592831291712015,-0.0786938537607215,-0.10032497895949999,0.35,-2.707545364233125,,0.07553292862359849,-0.14961003438508486,0.2147095978834581,-0.19656895797088755,100.0,100.0
us,us.trade_amount,A_strong,5,earlier,25,47,47,0,0,0,0,47,0.05711726552356795,0.0515495394636404,0.7446808510638298,0.0398359308138722,3.7744704584724804,0.6595744680851063,0.05711726552356795,0.0515495394636404,0.7446808510638298,-0.0256537474919523,0.1542823348679627,5.1505133273534565,0.0398359308138722,0.030739733235975092,0.6595744680851063,3.7744704584724804,0.05711726552356795,0.07258918973624064,-0.0062511840770444384,0.08863146977222805,-0.024096047924641872,100.0,2.617021276595745
us,us.trade_amount,A_strong,5,recent,10,14,13,1,8,9,0,5,0.03643517123337321,0.0020821765685727,0.8,0.03776736232174011,2.034405618626471,1.0,0.01337338412018816,0.0013836042891732,0.6153846153846154,-0.008526793686368,0.07416104625889143,1.2838446808920045,0.011443252308657361,0.002474992251020101,0.6923076923076923,1.1950314583639274,0.03643517123337321,0.016621623942799032,-0.002335689959660923,0.02608367175501532,-0.00907121349288947,100.0,1.7142857142857142
us,us.trade_amount,A_strong,20,earlier,25,47,47,0,18,18,0,29,0.021380857889096046,0.0251282341685568,0.6896551724137931,0.00417994183271371,0.22880983686993786,0.5172413793103449,0.03566690107466889,0.0303854642508853,0.7659574468085106,-0.06336689497304301,0.1272461830146166,2.627137308961442,0.0077542220708167655,0.0004767226242474998,0.5106382978723404,0.6228682355935403,0.021380857889096046,0.11297921789690984,-0.034003491086663284,0.12941151912153348,-0.0473069424127178,100.0,2.617021276595745
us,us.trade_amount,A_strong,20,recent,10,14,13,1,13,14,0,0,,,,,,,0.01934469173367047,0.0033966449466242,0.6923076923076923,-0.00631107295439316,0.10079263901486618,1.4428155225921246,0.0159321648870562,0.005148462701155401,0.6923076923076923,1.3057772347431031,,0.023744604929872706,-0.002415773673836807,0.03427102668050358,-0.00943403316891246,100.0,1.7142857142857142
us,us.trade_amount,B_moderate2,5,earlier,32,307,307,0,0,0,0,307,0.019662207980617564,0.0117507052619671,0.5960912052117264,0.01037892465393808,2.520549840571723,0.5309446254071661,0.019662207980617564,0.0117507052619671,0.5960912052117264,-0.0543228300498904,0.1085082731265313,4.500938132821072,0.01037892465393808,0.0056073450564717,0.5309446254071661,2.520549840571723,0.019662207980617564,0.046518527464741596,-0.02510814393580295,0.06534810610833726,-0.04348425301958935,100.0,12.973941368078176
us,us.trade_amount,B_moderate2,5,recent,15,94,85,9,34,43,0,51,0.01702591408406996,0.0064617314930992,0.6274509803921569,0.014662592484944066,1.7471145269653443,0.6078431372549019,0.010258032647623714,0.0044322367188962,0.6,-0.02989923546136988,0.0508648070771299,1.9088858624240266,0.007703834144830353,0.003095363626790401,0.5764705882352941,1.463769270784933,0.01702591408406996,0.022376869401194523,-0.00936445923655969,0.035307489935588805,-0.019494675506808497,100.0,8.46808510638298
us,us.trade_amount,B_moderate2,20,earlier,32,307,307,0,50,50,0,257,0.02070972003273684,0.0158130081300813,0.5836575875486382,-0.001620789903023248,-0.27904049212053883,0.4591439688715953,0.027985479001968388,0.0206721030488754,0.6123778501628665,-0.0848963036999091,0.15263901452734438,4.998767767804233,0.00207539831110545,-0.0059381532552944954,0.4560260586319218,0.38274413262723594,0.02070972003273684,0.09456027845969876,-0.06326082457205463,0.1162172259877072,-0.07765400457402326,100.0,12.973941368078176
us,us.trade_amount,B_moderate2,20,recent,15,94,85,9,85,94,0,0,,,,,,,0.005392652009702277,0.0033966449466242,0.5529411764705883,-0.0433819146413138,0.035302914042939566,0.768728091965493,0.001011607429085942,-0.0021551621071140992,0.4823529411764706,0.14279947008057664,,0.0312319325149266,-0.017098529428982403,0.044616212180438194,-0.026145752616898194,100.0,8.46808510638298
us,us.trade_amount,none,5,earlier,32,320,320,0,0,0,0,320,-0.009286417973440347,-0.006282181353506,0.465625,-0.018105193877352873,-3.177971793539789,0.43125,-0.009286417973440347,-0.006282181353506,0.465625,-0.139752276563709,0.11399174329142417,-1.5614382715656074,-0.018105193877352873,-0.01739059573974035,0.43125,-3.177971793539789,-0.009286417973440347,0.0445381062344252,-0.05461996208338601,0.06673031633190692,-0.07872070602334612,100.0,100.0
us,us.trade_amount,none,5,recent,15,150,140,10,40,50,0,100,0.011796574853956765,-0.0052799822952743995,0.49,0.007339208234393771,0.7552385037429217,0.45,0.004352905081666387,-0.0064800002068118,0.45,-0.08083057567544838,0.07556092693847669,0.5799215165204656,0.0004281340386715888,-0.010747936979962298,0.4142857142857143,0.058667386561375184,0.011796574853956765,0.03799046875704777,-0.026057637319565837,0.05882185527471079,-0.04442780638544053,100.0,100.0
us,us.trade_amount,none,20,earlier,32,320,320,0,50,50,0,270,-0.05524180710409912,-0.03892446386613205,0.3592592592592593,-0.0774742125080216,-8.020895437273003,0.3111111111111111,-0.024905308577502,-0.0213202745615718,0.421875,-0.27398781053862276,0.18636508471682597,-2.2398659434777777,-0.05058719350770091,-0.0488427348677872,0.3625,-4.697447117185276,-0.05524180710409912,0.10567380457146629,-0.14038948788492558,0.13293626904049924,-0.15472554171218178,100.0,100.0
us,us.trade_amount,none,20,recent,15,150,140,10,140,150,0,0,,,,,,,0.003531157040041972,-0.01041763183065135,0.4,-0.0789107878690046,0.11171524925329923,0.46569360627635664,-0.0009440777514263881,-0.0158831970548122,0.36428571428571427,-0.1275830408696875,,0.05532692593220278,-0.03292105671777063,0.07616836342063697,-0.05030778597913125,100.0,100.0
us,us.tv_rsi45,A_strong,5,earlier,8,10,10,0,0,0,0,10,0.00436495043754184,-0.0036017771486589,0.4,-0.010758318318474111,-1.186218080840416,0.3,0.00436495043754184,-0.0036017771486589,0.4,-0.00873004942934629,0.020184140230373765,0.703413951224535,-0.010758318318474111,-0.013334447570633151,0.3,-1.186218080840416,0.00436495043754184,0.0110860624684361,-0.010885815948339012,0.01789696594595678,-0.015843122254949122,100.0,1.4
us,us.tv_rsi45,A_strong,5,recent,4,4,3,1,0,1,0,3,0.1753222670317314,0.0256290773532152,1.0,0.1800016877920169,1.0901033515200855,1.0,0.1753222670317314,0.0256290773532152,1.0,0.00539599446422624,0.4051258154706431,1.0788866074822938,0.1800016877920169,0.02557075286978197,1.0,1.0901033515200855,0.1753222670317314,0.1798252502581189,-0.0032316044441001,0.2037269146528905,-0.013167521859648266,100.0,1.0
us,us.tv_rsi45,A_strong,20,earlier,8,10,10,0,0,0,0,10,0.05825240761222951,0.0222272247592415,1.0,0.051374220143009255,3.0639673048469787,0.8,0.05825240761222951,0.0222272247592415,1.0,0.01603858871551083,0.12485832543842361,3.473140371564148,0.051374220143009255,0.02228654677298885,0.8,3.0639673048469787,0.05825240761222951,0.06769387593204108,-0.01362889165309612,0.0704506635622196,-0.019935272535699242,100.0,1.4
us,us.tv_rsi45,A_strong,20,recent,4,4,3,1,3,4,0,0,,,,,,,0.17255731782510944,0.0278036657347002,0.6666666666666666,-0.0025446366605574,0.4055607331469401,1.0516197553145274,0.17489461954942895,0.028597904797878902,0.6666666666666666,1.0409569748192669,,0.18453685841800296,-0.006721416444550366,0.20789487571740337,-0.016713621150428435,100.0,1.0
us,us.tv_rsi45,B_moderate2,5,earlier,32,320,320,0,0,0,0,320,0.028308555240990352,0.0236332102256024,0.65625,0.01948977933707783,4.480820784443807,0.634375,0.028308555240990352,0.0236332102256024,0.65625,-0.05211959383823907,0.10795388870231279,6.252294102984404,0.01948977933707783,0.01614961809111705,0.634375,4.480820784443807,0.028308555240990352,0.05345276556309277,-0.02145268826027894,0.07604767607369275,-0.04102286767541319,100.0,26.65625
us,us.tv_rsi45,B_moderate2,5,recent,15,150,140,10,40,50,0,100,0.020428745885984614,0.0001679543164259,0.5,0.01597137926642162,1.1039469072573806,0.46,0.015714599400045635,-0.00120834938366705,0.4785714285714286,-0.05294657288083054,0.06407429696903394,1.4864544775075406,0.011789828357050837,-0.007057488770992401,0.44285714285714284,1.1227728189916764,0.020428745885984614,0.041322337002333044,-0.014477137856976914,0.06682337281879626,-0.031990896381862505,100.0,20.666666666666668
us,us.tv_rsi45,B_moderate2,20,earlier,32,320,320,0,50,50,0,270,0.07671318439163544,0.06958715898391504,0.7444444444444445,0.05448077898771295,6.1423627255194,0.6703703703703704,0.08304895896958722,0.07040245635805475,0.74375,-0.0765224274011631,0.26205477845394026,9.9453364029702,0.0573670740393883,0.045123231762889654,0.6625,6.985881731715225,0.07671318439163544,0.15245268357119643,-0.05438851182402478,0.1767263399119406,-0.07424115806735089,100.0,26.65625
us,us.tv_rsi45,B_moderate2,20,recent,15,150,140,10,140,150,0,0,,,,,,,0.009171938090693417,-0.0058419089560958,0.42142857142857143,-0.0730531064628699,0.09044726031360299,0.883766091811945,0.004696703299225059,-0.0091586186167424,0.4142857142857143,0.45417918888072295,,0.05241484694061788,-0.02609759511897977,0.07676969155302904,-0.04159101525659639,100.0,20.666666666666668
us,us.tv_rsi45,none,5,earlier,32,320,320,0,0,0,0,320,0.025845850099217315,0.006618300550764599,0.553125,0.017027074195304786,0.7793887155119268,0.5125,0.025845850099217315,0.006618300550764599,0.553125,-0.12414941948510852,0.10131717638915114,1.1776329829645726,0.017027074195304786,0.0023689936923226005,0.5125,0.7793887155119268,0.025845850099217315,0.13266060451780662,-0.034708791631034616,0.2140669356128444,-0.06668285036811594,100.0,100.0
us,us.tv_rsi45,none,5,recent,15,150,140,10,40,50,0,100,0.08017186093946627,0.0314814034903998,0.64,0.07571449431990328,3.2934924113971094,0.61,0.053026978874419504,0.015181947394127,0.5857142857142857,-0.11371110512090106,0.22144961443634298,3.114486022208086,0.04910220783142471,0.0134256711386399,0.55,2.877359229239896,0.08017186093946627,0.09743429483992969,-0.027230354016388066,0.1542633862507135,-0.059260583491923896,100.0,100.0
us,us.tv_rsi45,none,20,earlier,32,320,320,0,50,50,0,270,0.14179813140757833,0.0279092743613137,0.6185185185185185,0.11956572600365586,1.4736872183750107,0.5111111111111111,0.13733432954287278,0.0287087848658539,0.615625,-0.2301763962113916,0.22740004246046613,1.9934052267228413,0.11165244461267387,0.0008837519241097994,0.503125,1.6205798678764147,0.14179813140757833,0.44411949689910146,-0.0821657911507353,0.605491032540306,-0.11116086381481538,100.0,100.0
us,us.tv_rsi45,none,20,recent,15,150,140,10,140,150,0,0,,,,,,,0.05940062807516888,0.01697921147435195,0.5642857142857143,-0.12919372623013647,0.4078195895198201,3.5887596635527244,0.05492539328370052,0.01636280496359855,0.55,3.3395585040831888,,0.15297905118439667,-0.03580307746029381,0.21190142998157194,-0.0653362727236167,100.0,100.0
us,us.undervalued_breakout,A_strong,5,earlier,4,4,4,0,0,0,0,4,0.0166358622393252,0.019240176422891102,0.75,-0.005450976477721975,-1.0564567167819714,0.25,0.0166358622393252,0.019240176422891102,0.75,0.003912358829311331,0.02727591430248635,2.4959652418126477,-0.005450976477721975,-0.00846059682308775,0.25,-1.0564567167819714,0.0166358622393252,0.019174176415570374,-0.0009347763121255498,0.02350969657724785,-0.011957761758889124,10.25,1.0
us,us.undervalued_breakout,A_strong,5,recent,4,4,4,0,1,1,0,3,0.027769493246920237,0.0150845228793048,1.0,0.026059180087787837,1.3020827995859752,0.6666666666666666,0.026245734469826778,0.0183794905089256,1.0,0.01039784008526785,0.04838662402310665,2.278263897287452,0.02601369823356698,0.02214459577922015,0.75,1.8381997710217304,0.027769493246920237,0.03061363126429235,-0.0006706724927094,0.03730391215775965,-0.013668235063192825,15.25,1.0
us,us.undervalued_breakout,A_strong,20,earlier,4,4,4,0,0,0,0,4,0.013344267161190373,0.01168733073569245,1.0,0.0022316255319897995,0.3192410396740683,0.75,0.013344267161190373,0.01168733073569245,1.0,0.00656591594595988,0.021448167516819213,3.0122017628735946,0.0022316255319897995,0.0063827508207334495,0.75,0.3192410396740683,0.013344267161190373,0.02732452400505615,-0.0009347763121255498,0.0275174850351096,-0.011957761758889124,10.25,1.0
us,us.undervalued_breakout,A_strong,20,recent,4,4,4,0,4,4,0,0,,,,,,,0.03600100715432555,0.01671190269851605,1.0,0.009397287399022122,0.0780360104742766,1.618545766787515,0.0319067959356525,0.02214459577922015,0.75,1.3361655633053449,,0.04451761632891722,-0.001504466397914175,0.04954965110983332,-0.015197651312168449,15.25,1.0
us,us.undervalued_breakout,B_moderate2,5,earlier,10,11,11,0,0,0,0,11,0.041769612823653955,0.0297872340425531,0.9090909090909091,0.02809684878409356,2.215437080146843,0.6363636363636364,0.041769612823653955,0.0297872340425531,0.9090909090909091,0.0155208333333334,0.0752718883884433,3.9312515803584227,0.02809684878409356,0.0105977889990083,0.6363636363636364,2.215437080146843,0.041769612823653955,0.0539802607251679,0.007741845291396655,0.06670891480952602,-0.00906427728697553,12.0,1.1818181818181819
us,us.undervalued_breakout,B_moderate2,5,recent,11,16,15,1,5,6,0,10,-0.023507409144617245,-0.038522873192065404,0.4,-0.02637981943136004,-1.7939392423904685,0.3,-0.010266933169541309,0.0040495474035255,0.6,-0.06355623240574096,0.026664641867243717,-0.9813360206803731,-0.01350657979751583,-0.004143003362382198,0.4,-1.2247014433952703,-0.023507409144617245,0.009769740471393448,-0.02691441678042655,0.023146298383830092,-0.04597153439841647,17.375,1.875
us,us.undervalued_breakout,B_moderate2,20,earlier,10,11,11,0,0,0,0,11,0.10255641195573931,0.0559156322091618,1.0,0.09014551058485729,2.4286036957142554,0.9090909090909091,0.10255641195573931,0.0559156322091618,1.0,0.0116054158607348,0.302308265078183,2.9363164110719633,0.09014551058485729,0.028468999693822997,0.9090909090909091,2.4286036957142554,0.10255641195573931,0.12072337757985602,0.0009299105072914818,0.14457186136425548,-0.012708787038830948,12.0,1.1818181818181819
us,us.undervalued_breakout,B_moderate2,20,recent,11,16,15,1,15,16,0,0,,,,,,,-0.004390493776434194,0.0062787777312682,0.6,-0.0387502708334294,0.028289906319912118,-0.3166877493489297,-0.008907908766055347,-0.005447920742367199,0.4,-0.6101079694080971,,0.01456099925557518,-0.033785325465319996,0.026411828771049743,-0.05421848020298294,17.375,1.875
us,us.undervalued_breakout,none,5,earlier,32,313,313,0,0,0,0,313,0.00853767689180953,0.0076018863940312,0.6261980830670927,-0.00019118639002506613,-0.06955830245928608,0.5207667731629393,0.00853767689180953,0.0076018863940312,0.6261980830670927,-0.0492534901139938,0.05986003133756351,3.2134188393216565,-0.00019118639002506613,0.0024167554729308998,0.5207667731629393,-0.06955830245928608,0.00853767689180953,0.02680896856178091,-0.015320897849004735,0.046453139655501484,-0.03210916607162005,11.466453674121405,11.466453674121405
us,us.undervalued_breakout,none,5,recent,15,150,140,10,40,50,0,100,-0.007598263479450262,-0.01098973113009245,0.33,-0.012055630099013255,-2.921993476592101,0.32,-0.00412473938112101,-0.00623158419557785,0.42857142857142855,-0.04313697230156447,0.03621990063973451,-1.4169607292692707,-0.008049510424115804,-0.00598656995865595,0.39285714285714285,-2.5339379834750453,-0.007598263479450262,0.013053360367682025,-0.01807566665506012,0.02675199273058818,-0.03133167586848253,16.466666666666665,16.466666666666665
us,us.undervalued_breakout,none,20,earlier,32,313,313,0,47,47,0,266,0.05276634214677372,0.02226879707864475,0.6954887218045113,0.030871206612258603,3.3922158993279865,0.5075187969924813,0.04753488618496398,0.0215579189422248,0.6805111821086262,-0.0601131317739736,0.1565753424657535,6.008538670269615,0.022287397835335905,-0.002271832157576599,0.4728434504792332,2.8137677877434566,0.05276634214677372,0.0967366220007969,-0.03562782588522934,0.11892806029823827,-0.05435534593674379,11.466453674121405,11.466453674121405
us,us.undervalued_breakout,none,20,recent,15,150,140,10,140,150,0,0,,,,,,,-0.0025054208478377956,-0.00244518161843365,0.45,-0.05876824198103731,0.05298778503611385,-0.6936167890489133,-0.006980655639306153,-0.006297893582650801,0.38571428571428573,-1.8579920280571354,,0.017927240773201177,-0.028371809625282955,0.03163209859814398,-0.04219427111221561,16.466666666666665,16.466666666666665
crypto,crypto.funding_overheated,none,5,all,76,760,746,14,50,50,12,708,-0.005633291769885848,-0.0192307692307692,0.3827683615819209,0.014052782432449604,2.470055494542068,0.5353107344632768,0.0026070770968149195,-0.01397726427029835,0.41152815013404825,-0.1039460723959615,0.11902562060268146,0.45505361863728466,0.0136066281225273,0.00348794968168575,0.5335120643431636,2.4302964986885773,-0.006776971790129271,0.04927733320511896,-0.04632548317280847,,,99.86842105263158,99.86842105263158
crypto,crypto.funding_overheated,none,20,all,76,760,746,14,256,200,69,559,-0.08135009821582498,-0.0787965616045845,0.24686940966010734,0.005840890595533736,0.7086240930051833,0.5509838998211091,-0.027471152385688032,-0.0482424242424242,0.3900804289544236,-0.24936995416142932,0.2128498842727971,-3.492884912236536,0.007945110519142597,0.014958601963173002,0.5536193029490617,1.1402190858425036,-0.07559921190828733,0.12096004553178726,-0.12267952987146766,,,99.86842105263158,99.86842105263158
crypto,crypto.funding_overheated,rsi45_only,5,all,76,760,747,13,58,50,20,709,-0.007330221022580308,-0.0209958008398319,0.3511988716502116,0.012118639140951492,2.3401520499552135,0.5091678420310296,0.0027062349216530265,-0.0175438596491227,0.3828647925033467,-0.11218775045612908,0.11054070112893633,0.5008236088549551,0.013492267566729317,0.0011476346140112947,0.5127175368139224,2.687756198682924,-0.009922585872039962,0.04484504973151863,-0.043535207708754055,,,99.86842105263158,65.32894736842105
crypto,crypto.funding_overheated,rsi45_only,20,all,76,760,747,13,271,200,83,559,-0.08686092027232238,-0.0797872340425531,0.2182468694096601,0.0003300685390363421,0.056645576233700985,0.5348837209302325,-0.01990744265200136,-0.0413492927094669,0.3989290495314592,-0.2371705179845947,0.21656377204884655,-2.949656223471921,0.015262615510909216,0.01593190775067431,0.5689424364123159,3.0327639135644735,-0.08350572189651119,0.10922955505752271,-0.11631950366806744,,,99.86842105263158,65.32894736842105
crypto,crypto.funding_squeeze,none,5,all,76,759,749,10,45,49,5,709,-0.05121057291645249,-0.052278820375335,0.2637517630465444,-0.031416483976374324,-5.822468044317128,0.33568406205923834,-0.040374023205099495,-0.0471512770137525,0.29906542056074764,-0.191963442311231,0.10060339204174827,-7.184762843879997,-0.029772511556360865,-0.0294444687448579,0.3377837116154873,-5.707670469481938,-0.051621575293307756,0.031549508090055446,-0.08396221726843098,,,46.58893280632411,46.58893280632411
crypto,crypto.funding_squeeze,none,20,all,76,759,749,10,227,199,38,560,-0.12307928720443663,-0.14059029206088025,0.18214285714285713,-0.03578650635458294,-3.9376085826905234,0.36964285714285716,-0.08210146388136719,-0.1029411764705883,0.29906542056074764,-0.2969068530975531,0.15726705726705723,-10.032951355800188,-0.0471170509389986,-0.048459185467940105,0.34979973297730305,-6.2161258404622535,-0.12489733192758866,0.0788866088790286,-0.1652469592460274,,,46.58893280632411,46.58893280632411
crypto,crypto.funding_squeeze,rsi45_only,5,all,76,750,745,5,43,42,5,707,-0.021007299750097623,-0.0259999999999999,0.3451202263083451,-0.0013407110719960696,-0.29555118353666904,0.4724186704384724,-0.013078435278263228,-0.0214446952595935,0.37583892617449666,-0.12507173367832952,0.1052631578947369,-2.748087624105564,-0.002323257934301092,-0.005351970060658901,0.47114093959731546,-0.5341232814987208,-0.02149102127248727,0.040895095237240275,-0.05562617857436889,,,46.962666666666664,33.82933333333333
crypto,crypto.funding_squeeze,rsi45_only,20,all,76,750,745,5,224,192,37,558,-0.1047733756968232,-0.1136380681577325,0.2114695340501792,-0.017610332712723137,-2.7427012050799986,0.449820788530466,-0.056213714231714576,-0.0738137082601053,0.348993288590604,-0.25412143742255267,0.1740200496708461,-8.607600919855802,-0.021102101127703783,-0.014459315785293303,0.4469798657718121,-3.7843568898724107,-0.10615053172943115,0.08938610432477385,-0.13377967576686847,,,46.962666666666664,33.82933333333333
crypto,crypto.high_volume,none,5,all,76,760,750,10,40,50,0,710,-0.041914012539757045,-0.026387064404305702,0.28732394366197184,-0.02235695566763596,-4.110917019205585,0.4676056338028169,-0.033618371567214846,-0.0238126825511002,0.312,-0.19901712328767124,0.09847579757381301,-5.993520583365397,-0.02322899350642047,-0.007790478122976752,0.45866666666666667,-4.324056294261423,-0.041914012539757045,0.023565670137907224,-0.0735291238083304,,,100.0,100.0
crypto,crypto.high_volume,none,20,all,76,760,750,10,197,200,7,560,-0.11632393147728486,-0.0746874451444286,0.1732142857142857,-0.02903115062743117,-3.5378413823204466,0.5196428571428572,-0.06203408290377513,-0.04724301984805675,0.29333333333333333,-0.3229075890011439,0.1917970142602495,-7.445877606242517,-0.027294314084408952,0.0005163983528788524,0.5026666666666667,-3.6414905878802513,-0.1165386268714956,0.07135564603355898,-0.1424621073146674,,,100.0,100.0
crypto,crypto.high_volume,rsi45_only,5,all,76,760,750,10,41,50,1,710,-0.019536014214712887,-0.0196078431372549,0.29577464788732394,2.1042657408200715e-05,0.004123991228053716,0.5295774647887324,-0.012301572610665548,-0.01740435150224595,0.324,-0.13336515513126487,0.09878517423473507,-2.3769248077067284,-0.0019121945498711674,0.0018830671382595986,0.516,-0.3899763667458869,-0.01892113712479324,0.03298678058430519,-0.051619692338818725,,,100.0,59.828947368421055
crypto,crypto.high_volume,rsi45_only,20,all,76,760,750,10,212,200,22,560,-0.09822431986429395,-0.07965315199726286,0.21785714285714286,-0.010931539014440252,-1.7658138184518364,0.5321428571428571,-0.041165754633720006,-0.041614278857880146,0.35733333333333334,-0.2737913100263544,0.1965065502183405,-6.184310183797216,-0.0064259858143538365,0.009137038748681756,0.5373333333333333,-1.182614808513439,-0.09311653163496932,0.09278618066736931,-0.12030268154579705,,,100.0,59.828947368421055
crypto,crypto.long_short_skew,none,5,all,76,760,745,15,54,50,17,708,-0.004856119801124554,-0.0144567663130825,0.3954802259887006,0.014963741501466165,3.816102343051109,0.5466101694915254,0.003332918789778296,-0.010590015128593,0.425503355704698,-0.10596220876903308,0.11535598768559285,0.772314065716135,0.014607004296046916,0.0056880261901844,0.538255033557047,3.862232739569234,-0.0059349522272574735,0.04996444002551344,-0.042601113582374985,,,100.0,100.0
crypto,crypto.long_short_skew,none,20,all,76,760,745,15,234,200,49,560,-0.05853113134369625,-0.07147190012595475,0.2732142857142857,0.028761649506157446,4.82095183588307,0.5285714285714286,-0.018320281909908438,-0.0282637954239568,0.4228187919463087,-0.20179332079499818,0.16188118811881194,-3.3023786866619558,0.017663681986830843,-0.0037470476688408055,0.48053691275167787,3.686785953224738,-0.058734701032281095,0.10521522355402013,-0.10784080084927399,,,100.0,100.0
crypto,crypto.long_short_skew,rsi45_only,5,all,76,758,745,13,55,48,18,708,-0.0050888698924475605,-0.01698850815973115,0.3714689265536723,0.014730991410143154,3.7342273527572116,0.5536723163841808,0.0031389098123971735,-0.011764705882353,0.40268456375838924,-0.10789634045371747,0.11788932059225024,0.7101398019445202,0.014370630577787768,0.005699448603926502,0.5476510067114094,3.773081347788793,-0.007260893245468644,0.05088710178763226,-0.04201470839367166,,,100.0,70.01846965699208
crypto,crypto.long_short_skew,rsi45_only,20,all,76,758,745,13,248,198,63,560,-0.0683734537508002,-0.0821795278924527,0.2571428571428571,0.018919327099053522,3.4789992137458388,0.4982142857142857,-0.020201741784826165,-0.0327421555252386,0.4134228187919463,-0.20179332079499818,0.17555328948105653,-3.5607913599730865,0.015739857371035105,-0.003603024945360106,0.4818791946308725,3.508197098137352,-0.06753296192060218,0.10618582050643334,-0.10972208495425179,,,100.0,70.01846965699208
crypto,crypto.momentum,none,5,all,76,760,750,10,56,50,16,710,-0.04965857487517481,-0.05901905623095215,0.23380281690140844,-0.03010151800305372,-5.9480242894435325,0.2943661971830986,-0.041706386131979155,-0.05322296361576225,0.268,-0.16542778649921508,0.09798299509712664,-8.00037697120081,-0.03131700807118478,-0.037829697133520954,0.292,-6.322137186068712,-0.048494695646381876,0.02076110362675486,-0.0866019009514332,,,100.0,100.0
crypto,crypto.momentum,none,20,all,76,760,750,10,266,200,76,560,-0.13279639054668013,-0.15094195858810971,0.14464285714285716,-0.04550360969682646,-5.386504880737813,0.3053571428571429,-0.085016250016098,-0.11629554267899235,0.2693333333333333,-0.3064213226452906,0.15517288572233634,-10.488113661733541,-0.050276481196731844,-0.06287373816836135,0.296,-6.811500969752929,-0.12558979538499065,0.07288097991524588,-0.17187599426403252,,,100.0,100.0
crypto,crypto.momentum,rsi45_only,5,all,76,758,748,10,63,48,25,710,-0.031089767571498617,-0.038781461019030045,0.26901408450704223,-0.011532710699377526,-2.926413414500695,0.38028169014084506,-0.023868050942470447,-0.035797860485847946,0.303475935828877,-0.12662412386232866,0.09208086822172805,-5.799625722548527,-0.01311801401696811,-0.016656859492335654,0.37032085561497324,-3.448007374250711,-0.030767486727752473,0.028747841370601747,-0.06161168614540174,,,100.0,65.38786279683377
crypto,crypto.momentum,rsi45_only,20,all,76,758,748,10,268,198,80,560,-0.12069776889346553,-0.1265780207074158,0.15178571428571427,-0.03340498804361182,-5.187128045674879,0.37142857142857144,-0.06443246181411466,-0.0868339009471526,0.31283422459893045,-0.2594791898960001,0.15655083655083663,-9.710156741880198,-0.029266926133359846,-0.03172820884414715,0.37566844919786097,-5.387773383675393,-0.12149710052111477,0.07741766672256276,-0.14305081919275217,,,100.0,65.38786279683377
crypto,crypto.oi_surge,none,5,all,76,760,749,11,52,50,13,710,-0.02852401750490237,-0.034365079365079196,0.3126760563380282,-0.008966960632781278,-1.5558675154600243,0.4140845070422535,-0.019689647167957104,-0.0288743882544861,0.3444592790387183,-0.1708364008610112,0.1198535608933839,-3.3190715517842038,-0.009088679557071055,-0.016933283549350996,0.41255006675567424,-1.6110996478490127,-0.028916150393218563,0.04451498918337548,-0.06814828690485283,,,100.0,100.0
crypto,crypto.oi_surge,none,20,all,76,760,749,11,265,200,76,560,-0.09128984699037446,-0.11332134292565935,0.2375,-0.003997066140520755,-0.44957630693743644,0.43392857142857144,-0.041977732946831575,-0.0654205607476634,0.3684913217623498,-0.2747957096115754,0.19882228464183616,-4.901121429889728,-0.0069938640423155545,-0.024977077274733306,0.42857142857142855,-0.8973069460832958,-0.08792055676726916,0.10837388778192612,-0.14512068179921514,,,100.0,100.0
crypto,crypto.oi_surge,rsi45_only,5,all,76,760,744,16,54,50,18,708,-0.01077018215213773,-0.0227164211288323,0.3432203389830508,0.008785439045231234,1.8431699305654092,0.4788135593220339,-0.003548385536442335,-0.0192772203641769,0.37231182795698925,-0.11437046004842612,0.10777984253372483,-0.7218064808961384,0.0077532797494768,-0.005573062452867901,0.4731182795698925,1.6791515457142847,-0.012071581414990259,0.04894302992687374,-0.04826425494116702,,,100.0,67.64473684210526
crypto,crypto.oi_surge,rsi45_only,20,all,76,760,744,16,267,200,83,560,-0.08760185585272165,-0.09489873398688875,0.23214285714285715,-0.000309075002867957,-0.05049829708573614,0.46785714285714286,-0.037156668382909284,-0.052659624634537355,0.3790322580645161,-0.23686586141131588,0.18446114565151547,-5.77225355647171,-0.0010090371111429336,-0.009462940097036354,0.46774193548387094,-0.18769083788042082,-0.08866706413989142,0.10751003184938565,-0.12363660029373306,,,100.0,67.64473684210526
crypto,crypto.oversold,none,5,all,76,760,740,20,64,50,28,704,-0.015266530292273662,-0.02794589318086735,0.3380681818181818,0.004361587599249242,1.1149173530560301,0.453125,-0.00942815492656346,-0.023340522524619448,0.3621621621621622,-0.11389010989010993,0.12722132628674682,-2.213400796673337,0.0018552132202806053,-0.00832779594008755,0.44054054054054054,0.4842761058987007,-0.01483691400006327,0.04942525043147904,-0.05334135426243409,,,61.026315789473685,61.026315789473685
crypto,crypto.oversold,none,20,all,76,760,740,20,243,200,63,560,-0.1069810826287625,-0.1096399535423925,0.1982142857142857,-0.019688301778908807,-3.1042437099610964,0.44107142857142856,-0.06494549217014335,-0.06524824132827856,0.3108108108108108,-0.2625172811059907,0.1550802139037435,-10.700650969628768,-0.027923761732389845,-0.023899767063004305,0.41621621621621624,-5.247603639481972,-0.10544222974879275,0.10504382896759493,-0.13941039839498465,,,61.026315789473685,61.026315789473685
crypto,crypto.oversold,rsi45_only,5,all,76,760,740,20,64,50,28,704,-0.015266530292273662,-0.02794589318086735,0.3380681818181818,0.004361587599249242,1.1149173530560301,0.453125,-0.00942815492656346,-0.023340522524619448,0.3621621621621622,-0.11389010989010993,0.12722132628674682,-2.213400796673337,0.0018552132202806053,-0.00832779594008755,0.44054054054054054,0.4842761058987007,-0.01483691400006327,0.04942525043147904,-0.05334135426243409,,,61.026315789473685,61.026315789473685
crypto,crypto.oversold,rsi45_only,20,all,76,760,740,20,243,200,63,560,-0.1069810826287625,-0.1096399535423925,0.1982142857142857,-0.019688301778908807,-3.1042437099610964,0.44107142857142856,-0.06494549217014335,-0.06524824132827856,0.3108108108108108,-0.2625172811059907,0.1550802139037435,-10.700650969628768,-0.027923761732389845,-0.023899767063004305,0.41621621621621624,-5.247603639481972,-0.10544222974879275,0.10504382896759493,-0.13941039839498465,,,61.026315789473685,61.026315789473685
crypto,crypto.random,none,5,all,76,760,748,12,46,50,6,708,-0.011511027594555861,-0.0201612903225806,0.3545197740112994,0.008048530104282052,1.6863706606912068,0.501412429378531,-0.003414415448405773,-0.01648401412915495,0.3850267379679144,-0.11306298080594446,0.10969046410866928,-0.6940201634432622,0.0069528171948656904,0.0009876086893103996,0.5026737967914439,1.5206908677172997,-0.011142205075676351,0.041563617507226217,-0.045368692822536784,,,10.0,10.0
crypto,crypto.random,none,20,all,76,760,748,12,224,200,35,559,-0.08607685610778287,-0.0859813084112149,0.23076923076923078,0.0011664053153146408,0.19663388918575123,0.5080500894454383,-0.026121037117586152,-0.045347849422235395,0.3716577540106952,-0.22598061660561655,0.2185310761225632,-3.81426017461217,0.008693101386312626,0.0047234652858319515,0.5147058823529411,1.5441167110022924,-0.08149333518937332,0.10129393683884472,-0.11550372827184174,,,10.0,10.0
crypto,crypto.tv_rsi45,none,5,all,76,760,748,12,55,50,15,708,-0.021230803187633065,-0.027003184107241097,0.346045197740113,-0.0016820360068997087,-0.4071779202205234,0.4519774011299435,-0.013758428667085593,-0.02166093212386605,0.37433155080213903,-0.12155870445344129,0.10767400054089325,-3.020127030046364,-0.0034014095088649695,-0.008734016411200848,0.43983957219251335,-0.8449961731983086,-0.0179506952779425,0.045584009028648044,-0.05618264722181419,,,54.06578947368421,54.06578947368421
crypto,crypto.tv_rsi45,none,20,all,76,760,748,12,223,200,35,560,-0.1186925192646122,-0.11571307272786649,0.20357142857142857,-0.03139973841475851,-5.000388142920831,0.42678571428571427,-0.06715745122259772,-0.06542056074766345,0.3342245989304813,-0.2735552923259159,0.15532633606802426,-10.35095294899461,-0.032054412628853,-0.027836927356032055,0.40641711229946526,-5.942590248773318,-0.10645113619103264,0.10824038877227334,-0.13969013655181226,,,54.06578947368421,54.06578947368421
crypto,crypto.tv_rsi45,rsi45_only,5,all,76,760,748,12,55,50,15,708,-0.021230803187633065,-0.027003184107241097,0.346045197740113,-0.0016820360068997087,-0.4071779202205234,0.4519774011299435,-0.013758428667085593,-0.02166093212386605,0.37433155080213903,-0.12155870445344129,0.10767400054089325,-3.020127030046364,-0.0034014095088649695,-0.008734016411200848,0.43983957219251335,-0.8449961731983086,-0.0179506952779425,0.045584009028648044,-0.05618264722181419,,,54.06578947368421,54.06578947368421
crypto,crypto.tv_rsi45,rsi45_only,20,all,76,760,748,12,223,200,35,560,-0.1186925192646122,-0.11571307272786649,0.20357142857142857,-0.03139973841475851,-5.000388142920831,0.42678571428571427,-0.06715745122259772,-0.06542056074766345,0.3342245989304813,-0.2735552923259159,0.15532633606802426,-10.35095294899461,-0.032054412628853,-0.027836927356032055,0.40641711229946526,-5.942590248773318,-0.10645113619103264,0.10824038877227334,-0.13969013655181226,,,54.06578947368421,54.06578947368421
kr,kr.cheap_value,A_strong,5,all,1,1,1,0,0,0,0,1,-0.0038314176245211,-0.0038314176245211,0.0,-0.022908235041864802,,0.0,-0.0038314176245211,-0.0038314176245211,0.0,-0.0038314176245211,-0.0038314176245211,,-0.022908235041864802,-0.022908235041864802,0.0,,-0.0038314176245211,0.0051085568326947,-0.0089399744572158,0.0114942528735633,-0.0166028097062579,100.0,1.0
kr,kr.cheap_value,A_strong,20,all,1,1,1,0,0,0,0,1,-0.0063856960408684,-0.0063856960408684,0.0,-0.0769897386430875,,0.0,-0.0063856960408684,-0.0063856960408684,0.0,-0.0063856960408684,-0.0063856960408684,,-0.0769897386430875,-0.0769897386430875,0.0,,-0.0063856960408684,0.0051085568326947,-0.053639846743295,0.0127713920817369,-0.0600255427841635,100.0,1.0
kr,kr.cheap_value,B_moderate2,5,all,50,416,416,0,14,14,0,402,0.019608007967477144,0.0110209419977025,0.6019900497512438,0.031006457237110575,8.477058058792446,0.6865671641791045,0.019294121049864846,0.01125870629115095,0.6009615384615384,-0.0471419561976837,0.0928510651384987,6.292366522480863,0.03122064374637887,0.03360801451391325,0.6875,8.755090059520862,0.019608007967477144,0.041226487269260335,-0.017321775072681882,0.0674168383023671,-0.043760681647998685,100.0,24.85096153846154
kr,kr.cheap_value,B_moderate2,20,all,50,416,416,0,97,97,0,319,0.04664776329393678,0.015929203539823,0.5862068965517241,0.13223135068845585,9.44218004622258,0.877742946708464,0.040610283438651334,0.0190057034220532,0.6057692307692307,-0.0621544869367663,0.10371084445211805,3.8530447661889773,0.09404330505849037,0.0821587815201357,0.7475961538461539,8.257190661564245,0.04664776329393678,0.10969010441385312,-0.045369056432736095,0.15451229006993522,-0.07591528897596199,100.0,24.85096153846154
kr,kr.cheap_value,none,5,all,51,510,510,0,42,40,2,470,0.011391758469213588,0.00395078626868445,0.5234042553191489,0.019035823348097232,5.78796032478438,0.6106382978723405,0.008633581821759122,0.0,0.48823529411764705,-0.07332668991861804,0.10177554704703713,2.4346708295546087,0.018453085331100665,0.01522959533668745,0.6098039215686275,6.022877267941983,0.010531555534111853,0.0399891328080545,-0.029441176384599796,0.0740094532754124,-0.05797194306882617,100.0,100.0
kr,kr.cheap_value,none,20,all,51,510,510,0,193,190,3,320,0.012549075936953934,0.0005760368663594,0.5,0.0984465044207525,16.936064242135387,0.85,0.008606420845048682,-0.00029394473838915,0.47058823529411764,-0.08820278791901753,0.11520369180442779,2.177216996778139,0.056251506037118024,0.041367133078278204,0.7196078431372549,11.872236975970187,0.010842038536004938,0.07782695392106684,-0.06446560497078231,0.12068011063401994,-0.0986876584218506,100.0,100.0
kr,kr.consecutive_gainers,A_strong,5,all,3,5,5,0,0,0,0,5,0.00057604109579638,0.0005937825351705,1.0,-0.006453674576906679,-1.0061429277764535,0.2,0.00057604109579638,0.0005937825351705,1.0,0.00054557064547648,0.0005976561788008399,46.796969185310246,-0.006453674576906679,-0.0089101401273345,0.2,-1.0061429277764535,0.00057604109579638,0.00057604109579638,0.0001450557294964858,0.00057604109579638,0.0001411813847645143,22.6,1.8
kr,kr.consecutive_gainers,A_strong,20,all,3,5,5,0,0,0,0,5,0.00243169875059962,0.0024403258582264,1.0,0.09998369775926885,18.466305262188857,1.0,0.00243169875059962,0.0024403258582264,1.0,0.0023127297299678,0.00254558836358536,42.779713231626666,0.09998369775926885,0.1087614167013515,1.0,18.466305262188857,0.00243169875059962,0.00243169875059962,0.0001450557294964858,0.0024326329170849003,0.0001411813847645143,22.6,1.8
kr,kr.consecutive_gainers,B_moderate2,5,all,5,10,10,0,0,0,0,10,-0.033950858183263,0.000546042083237,0.6,0.005096391152531313,0.5373824348156522,0.4,-0.033950858183263,0.000546042083237,0.6,-0.10833136819823407,0.0022646430053964444,-1.970857530587994,0.005096391152531313,-0.006308538892076451,0.4,0.5373824348156522,-0.033950858183263,-0.0017275982312420202,-0.034316726806262576,0.00809887905913365,-0.039423886266963304,61.3,2.2
kr,kr.consecutive_gainers,B_moderate2,20,all,5,10,10,0,0,0,0,10,-0.01404803360415742,0.00242383644539985,0.7,0.10122828620147568,19.721937488862213,1.0,-0.01404803360415742,0.00242383644539985,0.7,-0.06919628553361411,0.022347368421052654,-1.1190294862044452,0.10122828620147568,0.1082057897829482,1.0,19.721937488862213,-0.01404803360415742,0.006839516310445301,-0.041183873827076924,0.017490708804364388,-0.04911240050193615,61.3,2.2
kr,kr.consecutive_gainers,none,5,all,51,510,510,0,40,40,0,470,-0.010326179781902483,-0.0008636724129087001,0.49361702127659574,-0.002682114903018836,-0.3334487771372298,0.44042553191489364,-0.011313697451170893,-0.0013424777995617,0.48627450980392156,-0.17695253931570934,0.13082216116348463,-1.5680588999673837,-0.0014941939418293413,-0.00862965641164825,0.45294117647058824,-0.19976697550068667,-0.010326179781902483,0.053410498309363,-0.0663949503352187,0.11019476826190866,-0.10148752088160888,54.01960784313726,54.01960784313726
kr,kr.consecutive_gainers,none,20,all,51,510,510,0,190,190,0,320,-0.09480022305454887,-0.03928483910444,0.346875,-0.008902794570750296,-0.712760097136109,0.55625,-0.06745551609703067,-0.03070175438596495,0.37450980392156863,-0.3173736278402454,0.12417494270435445,-7.378406554147211,-0.019810430904961332,-0.014694653482681449,0.4764705882352941,-2.2920874640236684,-0.09480022305454887,0.09137489682622187,-0.14048094854608353,0.15316248600921456,-0.17041835301100725,54.01960784313726,54.01960784313726
kr,kr.double_buy,A_strong,5,all,8,14,14,0,1,1,0,13,0.021835217820203038,0.0224605422905705,0.7692307692307693,-0.04089578054707484,-2.110392684428676,0.23076923076923078,0.021540865526923227,0.0200874140024281,0.7857142857142857,-0.01987129576416176,0.06463825120078664,2.3512049313632457,-0.03406113333158415,-0.009213866771034147,0.2857142857142857,-1.7741503150990756,0.021835217820203038,0.04223206183979894,-0.003778264937057389,0.06460303744287275,-0.020463772345795498,95.71428571428571,2.142857142857143
kr,kr.double_buy,A_strong,20,all,8,14,14,0,4,4,0,10,-0.08539601605314275,-0.02116380887549455,0.4,0.0015178519619313212,0.03767159333047473,0.6,-0.06174309541635642,-0.02116380887549455,0.42857142857142855,-0.2599826027759918,0.04031428571428575,-1.8469739163642578,-0.031428952262935836,-0.01033396181029745,0.5,-0.8865850051692781,-0.08539601605314275,0.05251151932806464,-0.0804691537630589,0.07144901967221562,-0.08909376336482051,95.71428571428571,2.142857142857143
kr,kr.double_buy,B_moderate2,5,all,32,179,179,0,5,5,0,174,0.028938462365108573,-0.0030469291299498,0.46551724137931033,0.0171874694393235,0.6668654316863104,0.5229885057471264,0.02848161882471478,-0.0015310586176727,0.4748603351955307,-0.06743177570093453,0.08386927160307281,1.1349701462877824,0.01757774589975307,0.0053562754154407,0.5307262569832403,0.7015639142174542,0.028938462365108573,0.06467767284907981,-0.030688556739720034,0.08955901740403827,-0.05233555527079592,94.65921787709497,10.519553072625698
kr,kr.double_buy,B_moderate2,20,all,32,179,179,0,38,38,0,141,0.0074681002241946005,-0.0201511335012594,0.425531914893617,0.06790605953257836,1.7179814081503304,0.6312056737588653,0.011930579894286657,-0.0085470085470085,0.46368715083798884,-0.15430111113581949,0.09990919409761632,0.3842115878546064,0.03810206195291945,0.015704037883842406,0.547486033519553,1.2069739073296477,0.0074681002241946005,0.11083356993981462,-0.09570368935181507,0.1491918421759962,-0.11726453027514651,94.65921787709497,10.519553072625698
kr,kr.double_buy,none,5,all,50,500,500,0,40,40,0,460,-0.06541503797002873,-0.09352017491552375,0.30869565217391304,-0.0588174098406937,-4.977468059159301,0.30217391304347824,-0.06383745042258991,-0.0877004909983633,0.314,-0.2884182506181175,0.14524719466579938,-5.83066856684793,-0.05493715995022392,-0.0826591691471321,0.318,-5.001899819886942,-0.06541503797002873,0.06489524181540383,-0.1323200868509144,0.17571942745893887,-0.17074988332516483,97.06,97.06
kr,kr.double_buy,none,20,all,50,500,500,0,190,190,0,310,-0.15092313585209874,-0.20669265756985056,0.23548387096774193,-0.06642175530448391,-3.3876998463893164,0.3064516129032258,-0.11630738301283691,-0.14198700131314262,0.28,-0.44913569982648927,0.16207010607491434,-8.396577931692677,-0.07029289440703605,-0.10612090706076124,0.322,-5.125937327009994,-0.15092313585209874,0.14960216905915957,-0.23817315652023363,0.26650806102252933,-0.27312364567259584,97.06,97.06
kr,kr.future_dividend_king,A_strong,5,all,6,7,7,0,0,0,0,7,0.02010993453282219,-0.0052576235541534,0.2857142857142857,0.0326617848415024,1.4030360537437843,0.5714285714285714,0.02010993453282219,-0.0052576235541534,0.2857142857142857,-0.01904008490756996,0.0856119182398446,0.8970311128199479,0.0326617848415024,0.0282174423309154,0.5714285714285714,1.4030360537437843,0.02010993453282219,0.028253040633568333,-0.0051043670361747145,0.039983776663854005,-0.01792085700716367,12.571428571428571,1.2857142857142858
kr,kr.future_dividend_king,A_strong,20,all,6,7,7,0,0,0,0,7,0.04604279624980891,0.0133060388945751,0.8571428571428571,0.15377592310625474,6.381237032641653,1.0,0.04604279624980891,0.0133060388945751,0.8571428571428571,0.0025289722729536415,0.12469268804729147,1.7533571893468818,0.15377592310625474,0.1424809534000694,1.0,6.381237032641653,0.04604279624980891,0.0710048116125754,-0.005253955667438728,0.17969884989105928,-0.01792085700716367,12.571428571428571,1.2857142857142858
kr,kr.future_dividend_king,B_moderate2,5,all,48,166,166,0,8,8,0,158,0.005379962936162114,0.0041544799378191,0.5443037974683544,0.010252290859860687,2.0590252314201343,0.6329113924050633,0.003837163410562033,0.00270054226888755,0.536144578313253,-0.0494312824139557,0.06716875813734445,0.9966093238930399,0.009994406790244041,0.0160280620688361,0.6325301204819277,2.1021065124630627,0.005379962936162114,0.024840062819567885,-0.02226155939649844,0.046522173851150816,-0.042159569869421536,14.295180722891565,4.493975903614458
kr,kr.future_dividend_king,B_moderate2,20,all,48,166,166,0,40,40,0,126,-0.009361910994871768,-0.006470223999866,0.4365079365079365,0.06964865861397175,7.859652799844737,0.8095238095238095,-0.013179713525586731,-0.014903432670067801,0.39156626506024095,-0.11252024838012956,0.0757838778271796,-2.1988810581483667,0.03874479023240326,0.043217013199541895,0.6746987951807228,4.585677951046075,-0.009361910994871768,0.053231438662390086,-0.0581023941675431,0.09376548841287997,-0.07985205628774146,14.295180722891565,4.493975903614458
kr,kr.future_dividend_king,none,5,all,50,500,500,0,30,30,0,470,-0.0028217865036415106,-0.00269375049884265,0.46808510638297873,0.004822278375242134,1.7147545637600685,0.548936170212766,-0.004713058276095262,-0.0054056861974812,0.442,-0.06794659735349712,0.0629723198285004,-2.0037218814960194,0.004735309598752137,0.0075417953545542015,0.552,1.7767742445261023,-0.0028217865036415106,0.02383799943278577,-0.028126591132520324,0.04514768301028371,-0.047006121501015095,14.76,14.76
kr,kr.future_dividend_king,none,20,all,50,500,500,0,180,180,0,320,-0.02899188317289953,-0.018551607560184202,0.365625,0.05690554531089903,9.863514234839503,0.709375,-0.026249371512286075,-0.02214052287581695,0.324,-0.12678773931025283,0.06091740881486341,-7.909933686936545,0.021781089678943676,0.0125929074949415,0.574,4.669580374619867,-0.02899188317289953,0.04267065603148697,-0.06437911122891904,0.07127311194312073,-0.08443114751477764,14.76,14.76
kr,kr.growth_expectation_toss,A_strong,5,all,6,8,8,0,0,0,0,8,0.04528350843194244,0.0560880829015544,0.875,0.038862189778876705,2.468847088836275,0.875,0.04528350843194244,0.0560880829015544,0.875,-0.002693255054658649,0.08641747017126747,3.1642133555288683,0.038862189778876705,0.04067790952929915,0.875,2.468847088836275,0.04528350843194244,0.056780536874712864,-0.004480998180915036,0.09318330964993092,-0.0511829847133687,100.0,1.5
kr,kr.growth_expectation_toss,A_strong,20,all,6,8,8,0,0,0,0,8,0.016985191269873176,0.0485719016474873,0.625,0.13976786804493538,2.8762604856756235,0.75,0.016985191269873176,0.0485719016474873,0.625,-0.17450196402096993,0.15642980748431742,0.33516308717577775,0.13976786804493538,0.19524216482009893,0.75,2.8762604856756235,0.016985191269873176,0.14785154910371046,-0.05507536289273126,0.19196923738594524,-0.07884778670642968,100.0,1.5
kr,kr.growth_expectation_toss,B_moderate2,5,all,46,388,388,0,2,2,0,386,0.013605019285857192,0.00745492371705955,0.6010362694300518,0.02582677196209998,7.291800478986112,0.6709844559585493,0.013805379220894799,0.007789745145631,0.6030927835051546,-0.0643995381062355,0.09509881422924883,3.5038370191628125,0.026155241392391535,0.02857920849713535,0.6726804123711341,7.406052144179078,0.013605019285857192,0.042382723619948715,-0.027569677334136598,0.06981682548117805,-0.05476577920837016,100.0,20.123711340206185
kr,kr.growth_expectation_toss,B_moderate2,20,all,46,388,388,0,76,76,0,312,0.001518731629674086,-0.00188575287928335,0.4807692307692308,0.08745718174321053,15.85767592514328,0.8141025641025641,0.014832213892114967,0.00827334191005385,0.5257731958762887,-0.0996460984512183,0.12965045592705177,2.7202523881300036,0.0716139689100579,0.07016871456944199,0.7422680412371134,13.419057907481296,0.001518731629674086,0.09264724748672512,-0.06942692608216953,0.12937996778556432,-0.09662706493743849,100.0,20.123711340206185
kr,kr.growth_expectation_toss,none,5,all,51,510,510,0,40,40,0,470,0.006529526563552573,0.00412378146509025,0.5255319148936171,0.014173591442436212,3.659134280200878,0.5553191489361702,0.0036288785785505927,0.00050735667174025,0.5,-0.09903027200728,0.10846781849250049,0.854355114111917,0.013448382087892143,0.010098715394032499,0.5450980392156862,3.6543299583577844,0.006529526563552573,0.04480570678796988,-0.03835813747545241,0.07900588486011362,-0.06687604794299828,100.0,100.0
kr,kr.growth_expectation_toss,none,20,all,51,510,510,0,190,190,0,320,-0.01056063059717236,-0.0067226625264032,0.465625,0.0753367978866262,13.515204790713911,0.775,-0.011508678583433895,-0.015269439826661901,0.42549019607843136,-0.12419583891950929,0.10778752431326953,-2.695062348485418,0.036136406608635444,0.019595664401575747,0.5823529411764706,7.810016601207458,-0.01056063059717236,0.08784968459946461,-0.08444244637383636,0.13098847092196422,-0.11132580753209352,100.0,100.0
kr,kr.high_volume_surge,A_strong,5,all,9,16,16,0,3,3,0,13,-0.009761157184303905,-0.0192214700193423,0.3076923076923077,-0.0006787377653756387,-0.03077489170839351,0.6153846153846154,-0.011256549938148994,-0.0166411062132707,0.25,-0.03425256746469645,0.0217234727541992,-2.039194094807086,0.0019871386662056846,0.017398082524350898,0.6875,0.11138713464666888,-0.009761157184303905,0.001530358629915675,-0.030634586071230922,0.0053245848156437126,-0.032084966646192425,100.0,2.0
kr,kr.high_volume_surge,A_strong,20,all,9,16,16,0,12,12,0,4,-0.025476368242982574,-0.02882497389624605,0.0,-0.04597227854549632,-2.8588624236550357,0.0,-0.022730593307867877,-0.02287495173767365,0.0,-0.03377807933985675,-0.0115389337320001,-9.600414293352866,-0.0595776096227392,-0.0476270337836605,0.1875,-4.051956308567003,-0.025476368242982574,0.01036447870554088,-0.0339900106504921,0.0138042406968879,-0.03520106427072202,100.0,2.0
kr,kr.high_volume_surge,B_moderate2,5,all,46,260,260,0,13,13,0,247,-0.00976213696306091,-0.0136874815034033,0.4331983805668016,-0.001666667741518214,-0.35827481598351657,0.4939271255060729,-0.010066193259536903,-0.013622564474840199,0.4115384615384615,-0.11321641091770483,0.0871296605082372,-1.9461252810256457,-0.0007297246163496945,0.0019346887650527993,0.5192307692307693,-0.16465916994931173,-0.00976213696306091,0.047337786419502474,-0.05212802198547508,0.07843645726671716,-0.07765477952161293,100.0,9.23076923076923
kr,kr.high_volume_surge,B_moderate2,20,all,46,260,260,0,59,59,0,201,-0.07714572933088834,-0.0950441276306857,0.29850746268656714,-0.00899074427748326,-0.6755872775010127,0.373134328358209,-0.04833633575494426,-0.033582789345413,0.3230769230769231,-0.2459909653115789,0.13794433557048663,-4.437353476602615,-0.006488738892188438,-0.026265124236451103,0.4230769230769231,-0.6140046665650445,-0.07714572933088834,0.0820019584761087,-0.1541861540086102,0.11190800415043693,-0.1785925650190184,100.0,9.23076923076923
kr,kr.high_volume_surge,none,5,all,51,510,510,0,40,40,0,470,-0.022642466569114755,-0.0324956144656422,0.41914893617021276,-0.014998401690231112,-1.4641213699646065,0.4574468085106383,-0.02564310091879111,-0.0340706933314396,0.40588235294117647,-0.27865298990811865,0.21795423082657137,-2.6845713812745307,-0.015823597409449563,-0.0207922354421487,0.4627450980392157,-1.6360764290006888,-0.022642466569114755,0.09745384477369515,-0.11620396506432738,0.15835861348662963,-0.159025279953967,100.0,100.0
kr,kr.high_volume_surge,none,20,all,51,510,510,0,190,190,0,320,-0.12112932132363452,-0.13775120814284525,0.325,-0.035231892839835965,-1.5655141711845049,0.36875,-0.08789635246644183,-0.08746188356524474,0.34509803921568627,-0.5196954641103576,0.33818654616761884,-5.759908310719311,-0.0402512672743725,-0.0650962610206578,0.3941176470588235,-2.5829489695672674,-0.12112932132363452,0.21801562824389523,-0.2429117975360187,0.2889283244858099,-0.2814659600188338,100.0,100.0
kr,kr.high_yield_value,A_strong,5,all,15,22,22,0,0,0,0,22,0.03236517940715906,0.00319735717147925,0.5,0.005948826385063532,0.3055812457205324,0.5,0.03236517940715906,0.00319735717147925,0.5,-0.05460921843687369,0.13633215213796362,1.9875345081756752,0.005948826385063532,0.0031757428008020996,0.5,0.3055812457205324,0.03236517940715906,0.056797297940027865,-0.016504867020325,0.07897916711815113,-0.03415446722249304,100.0,1.6363636363636365
kr,kr.high_yield_value,A_strong,20,all,15,22,22,0,5,5,0,17,-0.02678996397578937,-0.0613953488372093,0.29411764705882354,0.07911906745705899,4.61936615669083,0.9411764705882353,-0.03089509130202852,-0.0463991595796753,0.22727272727272727,-0.09279670964288726,0.06621491579791504,-2.0919744254359904,0.04156126096909894,0.038815126860020144,0.7272727272727273,1.8965219394013517,-0.02678996397578937,0.06350433076131583,-0.059228461071829774,0.08584064889542153,-0.0742319638147525,100.0,1.6363636363636365
kr,kr.high_yield_value,B_moderate2,5,all,49,385,385,0,16,16,0,369,0.06398401158500584,0.0063795853269537,0.5474254742547425,0.07685927387828301,3.2273867183646643,0.6802168021680217,0.06106816616758865,0.0048465266558965,0.5428571428571428,-0.07594679395756318,0.10114211678582422,2.657967936423572,0.0746433676528379,0.024173349110983802,0.6909090909090909,3.269272337475533,0.06398401158500584,0.09328101427196009,-0.03304400469043101,0.12430688013449624,-0.06012782691497497,100.0,20.418181818181818
kr,kr.high_yield_value,B_moderate2,20,all,49,385,385,0,76,76,0,309,0.08279044973711754,0.010568031704095,0.5339805825242718,0.16868747782227744,5.862752027778346,0.8252427184466019,0.07137742591504714,0.007168458781362,0.5298701298701298,-0.10092273857334091,0.16263824024722656,3.137319458584057,0.12903380462850686,0.07921245885332029,0.7428571428571429,5.475757466093439,0.08279044973711754,0.17334110109072945,-0.07843021132377075,0.20952216403931068,-0.10889303606436222,100.0,20.418181818181818
kr,kr.high_yield_value,none,5,all,51,510,510,0,40,40,0,470,0.014266809844330609,-0.00352130139364175,0.4595744680851064,0.021910874723214256,3.2668626679186095,0.5106382978723404,0.010869162432112483,-0.0045960404140837005,0.45098039215686275,-0.1396377872606976,0.17575524356554367,1.5787268309536073,0.02068866594145403,0.0026946924500909006,0.5137254901960784,3.311895743506113,0.014266809844330609,0.06886293142053024,-0.052911705654082035,0.12170210707742828,-0.09020728486253454,100.0,100.0
kr,kr.high_yield_value,none,20,all,51,510,510,0,190,190,0,320,0.019976417467029394,-0.0517848904267589,0.4,0.10587384595082794,5.560001418787174,0.6,0.03261816651664066,-0.017818414565767,0.4411764705882353,-0.26073284986437645,0.32609718577504304,2.4836673622188634,0.08026325170871,0.022663988624996658,0.5784313725490197,6.255813470260481,0.019976417467029394,0.18298305429953035,-0.12761304468090678,0.24423936365511814,-0.16566707170436556,100.0,100.0
kr,kr.investor_flow_momentum,A_strong,5,all,4,4,4,0,2,2,0,2,-0.02686718323066945,-0.02686718323066945,0.0,-0.0309189112634452,-0.575067549938615,0.5,-0.023496396264753548,-0.02547744278513505,0.0,-0.02813611281422436,-0.01727184249897754,-7.198284740286167,-0.009159440283751851,0.012600030695941497,0.75,-0.36202835879164674,-0.02686718323066945,-0.019432131944078973,-0.03880882640743572,-0.002571521436231675,-0.04738621612578,100.0,1.0
kr,kr.investor_flow_momentum,A_strong,20,all,4,4,4,0,4,4,0,0,,,,,,,-0.041411359314249475,-0.0328738924892771,0.0,-0.07195302954629461,-0.017699662542182228,-2.6381485072163158,-0.0294218758858299,-0.02189000869437815,0.5,-1.166627683780979,,-0.00602250540580715,-0.04658779636451725,0.006652446650672501,-0.054092224709470955,100.0,1.0
kr,kr.investor_flow_momentum,B_moderate2,5,all,16,68,68,0,13,13,0,55,0.048371829277109785,0.0267445093133167,0.6727272727272727,-0.020294702717740924,-2.1145150842003386,0.4,0.039092958962831936,0.0171172083859124,0.6029411764705882,-0.042945770922932405,0.1964146505709108,3.5246647401697717,-0.011018062643003184,0.0010876416390925465,0.5147058823529411,-1.3287279776658212,0.048371829277109785,0.06048396637762089,-0.024091343853840468,0.08594824464875718,-0.048642308399820526,100.0,7.911764705882353
kr,kr.investor_flow_momentum,B_moderate2,20,all,16,68,68,0,68,68,0,0,,,,,,,0.04964551584810766,0.0033907923401532,0.5294117647058824,-0.06400434074877907,0.2388252487321931,3.1540494028411588,-0.004140683203541,0.0014001308960337475,0.5147058823529411,-0.30381710460986855,,0.12341322145316906,-0.033365380606768906,0.15631585895410047,-0.057098378242489305,100.0,7.911764705882353
kr,kr.investor_flow_momentum,none,5,all,32,179,177,2,33,30,3,147,0.037664009973746464,0.0228353948620361,0.5850340136054422,-0.010415491643423369,-0.8654365035794056,0.41496598639455784,0.02815116956478173,0.0076460950300383,0.5310734463276836,-0.10813196962227532,0.21721145369586234,2.48103578630356,-0.007293252107088418,-0.009817817198187306,0.4350282485875706,-0.7117952996071598,0.04796133818377751,0.06903211280153851,-0.04604500022745011,0.11286997127415194,-0.07336469660453722,89.52513966480447,89.52513966480447
kr,kr.investor_flow_momentum,none,20,all,32,179,177,2,177,160,17,17,-0.1002225237319271,0.0,0.17647058823529413,0.017387496539536272,0.3009383081336249,0.7647058823529411,0.027084467004094684,-0.0037558685446009,0.4124293785310734,-0.13899965591957814,0.2895903703654739,1.7788916224313494,0.01492199637261193,-0.0084978494011001,0.4519774011299435,1.0967032382742792,,0.12302031860159689,-0.06525887152186573,0.17790515423131675,-0.09093054238506397,89.52513966480447,89.52513966480447
kr,kr.oversold_recovery,A_strong,5,all,26,45,45,0,0,0,0,45,-0.01023487529214127,-0.0090358000686263,0.08888888888888889,0.004488712424351923,0.4142046845183272,0.6222222222222222,-0.01023487529214127,-0.0090358000686263,0.08888888888888889,-0.02285016569577028,0.0,-7.992602601180246,0.004488712424351923,0.013601602881532802,0.6222222222222222,0.4142046845183272,-0.01023487529214127,-0.0005472257511939754,-0.011787492207922525,0.0028038017291243202,-0.015132973880063025,98.68888888888888,2.6
kr,kr.oversold_recovery,A_strong,20,all,26,45,45,0,12,12,0,33,-0.029842440572401322,-0.0456862374929205,0.030303030303030304,0.007061230261833346,0.3514716573197017,0.42424242424242425,-0.030931364347427905,-0.0287769784172662,0.022222222222222223,-0.0560267368967797,-0.0030187382543804602,-8.84576030334632,-0.019347028634670617,-0.0538280721365025,0.3111111111111111,-1.1562904573922181,-0.029842440572401322,-0.0003229881308836488,-0.033464908525221396,0.0036702259525123447,-0.038409663209544316,98.68888888888888,2.6
kr,kr.oversold_recovery,B_moderate2,5,all,51,495,495,0,40,40,0,455,0.026340245482813912,-0.0049212598425196,0.4,0.03158095946134375,1.8960891557314694,0.5494505494505495,0.023196439150381342,-0.0058603539345336,0.36767676767676766,-0.056853765044200595,0.07401862359959259,1.5442780608024034,0.03087272431587619,0.012198470140388003,0.5797979797979798,2.016495440565778,0.026340245482813912,0.049352839703866745,-0.029520455037010344,0.0759059625687908,-0.048792735594331296,95.08484848484848,25.157575757575756
kr,kr.oversold_recovery,B_moderate2,20,all,51,495,495,0,190,190,0,305,0.09777780876275702,-0.0081632653061224,0.419672131147541,0.1825703997250889,4.2830602721394015,0.7573770491803279,0.05526643947606311,-0.0198457304546687,0.30505050505050507,-0.1036055344546934,0.1279865289287471,2.1192179648438705,0.10107160427737838,0.0232149793055055,0.6323232323232323,3.780658896632161,0.09777780876275702,0.1376435229552396,-0.07163042044680697,0.17887573017872635,-0.09451971454975473,95.08484848484848,25.157575757575756
kr,kr.oversold_recovery,none,5,all,51,510,348,162,27,40,9,330,0.06190740128046424,0.0,0.47575757575757577,0.07139485454370546,2.7759455549289314,0.5303030303030303,0.05208089365687619,0.0,0.45977011494252873,-0.17883260764392833,0.19281609195402302,2.119252828031878,0.0627289872681273,0.007405828914381751,0.5402298850574713,2.5436723758277764,0.05355444799760341,0.11370313708432157,-0.04612546837531104,0.16724882009209965,-0.0832153856848803,95.17647058823529,95.17647058823529
kr,kr.oversold_recovery,none,20,all,51,510,348,162,106,190,11,253,0.13350306306824716,-0.0015189873417721,0.44664031620553357,0.2284101889532812,3.7416998040601253,0.7154150197628458,0.09778069909833861,-0.0033259808762958,0.4425287356321839,-0.1878571076403915,0.2569504885458576,2.187122579548785,0.15812706820001807,0.0360020990737039,0.6436781609195402,3.499817207508595,0.12450759845744273,0.25546603463906636,-0.11404422332675739,0.3421549035601472,-0.14965451818805847,95.17647058823529,95.17647058823529
kr,kr.profitable_company,A_strong,5,all,24,43,43,0,3,3,0,40,0.01287902266168899,2.004014040100032e-06,0.5,-0.005127263126032558,-0.4111790131725874,0.375,0.011677208921085524,-0.0009990009990009,0.4883720930232558,-0.03807679083094556,0.09467063831931083,1.491964009473083,-0.0030239611209402187,-0.0235668813102354,0.4186046511627907,-0.2593142128050063,0.01287902266168899,0.029861358350091075,-0.013427615105050443,0.04664323360638868,-0.026674177663808644,100.0,2.441860465116279
kr,kr.profitable_company,A_strong,20,all,24,43,43,0,11,11,0,32,0.0011943041140452778,0.0004435978529243002,0.5,0.11274120205737437,8.329018426005463,0.96875,-0.007705688106898333,-0.0083857442348008,0.3953488372093023,-0.0743959076645316,0.07509864047108626,-0.7127392581047158,0.07106344021716851,0.0863188262180154,0.7906976744186046,4.434664567866202,0.0011943041140452778,0.04978501814725685,-0.04160196177674466,0.08346137922362266,-0.05438606732632856,100.0,2.441860465116279
kr,kr.profitable_company,B_moderate2,5,all,49,398,398,0,25,25,0,373,0.0016613228710278868,-0.002116402116402,0.4718498659517426,0.015020530748818409,4.558560075458502,0.5951742627345844,0.0012129006331220804,-0.0026390590829857997,0.46733668341708545,-0.07558682564042023,0.07559616359641705,0.3813165559250037,0.015426973936594552,0.0165042104230285,0.6105527638190955,4.949840044982361,0.0016613228710278868,0.0357688470714144,-0.03429410814516688,0.060070972730486345,-0.05956290416663195,100.0,18.728643216080403
kr,kr.profitable_company,B_moderate2,20,all,49,398,398,0,87,87,0,311,-0.011301189297976012,-0.0131004366812227,0.42443729903536975,0.07186194959515922,10.49226919740309,0.7331189710610932,-0.002458306345529088,-0.006124871162195,0.4547738693467337,-0.13328600636074509,0.11433717164032878,-0.44761175400220066,0.05112251941392807,0.04119138231603395,0.6633165829145728,8.36756452445734,-0.011301189297976012,0.08150800988145454,-0.08914190571258407,0.11718848157044201,-0.11606693204086048,100.0,18.728643216080403
kr,kr.profitable_company,none,5,all,51,510,510,0,40,40,0,470,-0.007147391531640204,-0.0085918100054508,0.4085106382978723,0.0004966733472434398,0.16506243781134966,0.4808510638297872,-0.007979420899401315,-0.010619638970682299,0.3980392156862745,-0.09348946105114035,0.08384459719902343,-2.44892509630195,0.0018400826099402338,-0.0008924830961999503,0.49607843137254903,0.653349236709628,-0.007147391531640204,0.02818719302930378,-0.039768934851332365,0.05820094445361998,-0.06395735641980375,100.0,100.0
kr,kr.profitable_company,none,20,all,51,510,510,0,190,190,0,320,-0.04521582641822134,-0.041838076453461,0.2625,0.04068160206557722,6.924283333393511,0.6625,-0.03412044058660115,-0.03336841830565675,0.26862745098039215,-0.15418780416160555,0.07797211250061462,-7.75933025733256,0.013524644605468195,0.0102906459659579,0.5470588235294118,3.0049710421987172,-0.04521582641822134,0.05103364223349906,-0.09072962799441531,0.08927908610871986,-0.12059465379411838,100.0,100.0
kr,kr.random,none,5,all,51,510,510,0,40,40,0,470,-0.010247544284727217,-0.01260141654452845,0.4425531914893617,-0.0026034794058435685,-0.644736167226591,0.4723404255319149,-0.012642571886586537,-0.0158745286302838,0.4294117647058823,-0.13581173403475283,0.1103502031304128,-2.613737115322484,-0.002823068377244989,-0.005868669117729451,0.46862745098039216,-0.741574385130196,-0.010247544284727217,0.04411885367343351,-0.055835605617948675,0.08185375218672741,-0.08277407388583961,10.0,10.0
kr,kr.random,none,20,all,51,510,510,0,190,190,0,320,-0.07962073396456357,-0.0802186221114495,0.3125,0.00627669451923499,0.7130826403682914,0.484375,-0.04550261831474144,-0.03075216777576125,0.3803921568627451,-0.2619552276420644,0.1415941927761333,-6.19666536402993,0.0021424668773278943,-0.00835526225611505,0.4647058823529412,0.34522297894082254,-0.07962073396456357,0.09170602734211256,-0.13567508183032861,0.13293128221201142,-0.16049534138355007,10.0,10.0
kr,kr.stable_growth,A_strong,5,all,20,30,30,0,0,0,0,30,0.019796831160874342,0.00401556073844015,0.5333333333333333,-0.011895805839771635,-0.8607822802856862,0.43333333333333335,0.019796831160874342,0.00401556073844015,0.5333333333333333,-0.05060120240480961,0.12391346347519039,1.7279444783172782,-0.011895805839771635,-0.01837788297396975,0.43333333333333335,-0.8607822802856862,0.019796831160874342,0.04780051429270262,-0.014727896013745518,0.07304870833588592,-0.034554081112586864,100.0,1.9333333333333333
kr,kr.stable_growth,A_strong,20,all,20,30,30,0,8,8,0,22,-0.05355982462896138,-0.06511627906976745,0.2727272727272727,0.06316055138813058,3.05768598440997,0.8181818181818182,-0.05116125130741152,-0.04592263610315185,0.2,-0.1263431167129577,0.013962496511726614,-3.3973658039331522,0.025416046573342194,0.030706750937511747,0.6,1.2572271753624034,-0.05355982462896138,0.06749204115822581,-0.07632150129553587,0.08907570540154759,-0.09125855738799961,100.0,1.9333333333333333
kr,kr.stable_growth,B_moderate2,5,all,50,356,356,0,8,8,0,348,0.06027731775936384,0.00642170329670325,0.5459770114942529,0.07110106365171921,3.0869758586948026,0.6580459770114943,0.05844314034650075,0.0041452221650368,0.5393258426966292,-0.0848440478253335,0.11753138287102655,2.5712100256072867,0.06979429798795014,0.022870051584619397,0.6629213483146067,3.099282418156767,0.06027731775936384,0.09465834873679904,-0.03766345600662125,0.12547124450257038,-0.06527410988295625,100.0,16.269662921348313
kr,kr.stable_growth,B_moderate2,20,all,50,356,356,0,66,66,0,290,0.06807051628051614,0.01047432727073255,0.5379310344827586,0.15259689125418116,5.361622116688785,0.7689655172413793,0.058213366271107805,0.0044696480482757,0.5168539325842697,-0.13755891581086124,0.16240796110975514,2.540141770443761,0.11610293074111815,0.0553851588137412,0.6769662921348315,4.9120166999459425,0.06807051628051614,0.1781564400733845,-0.09738121945470396,0.21221650555804306,-0.12703709518890188,100.0,16.269662921348313
kr,kr.stable_growth,none,5,all,51,510,357,153,28,40,0,329,0.006365168986091839,-0.0207939508506616,0.43465045592705165,0.014009233864975476,1.5592461838327962,0.48328267477203646,0.00505679807569306,-0.0196078431372549,0.42857142857142855,-0.1913925460649473,0.22976300419329082,0.5488901160086356,0.014876301585034609,-3.363497812889499e-05,0.49859943977591037,1.7763259245453442,0.006365168986091839,0.08034253924561915,-0.07296146979922105,0.1379768298481105,-0.11013442158055413,100.0,100.0
kr,kr.stable_growth,none,20,all,51,510,357,153,133,190,0,224,-0.07683652797980346,-0.0705374351925174,0.375,0.009060900503995087,0.6060453491531429,0.5178571428571429,-0.02870803773726374,-0.0303430079155673,0.4341736694677871,-0.3296999025464392,0.2508206389299982,-2.3039280889295366,0.018937047454805598,0.00996126000018091,0.5322128851540616,1.7269574497441642,-0.07683652797980346,0.16931365466067244,-0.16904066252983427,0.2413410676849305,-0.20086042062156076,100.0,100.0
kr,kr.steady_dividend,A_strong,5,all,7,8,8,0,0,0,0,8,0.023559495468512975,-0.0031338622821272,0.375,0.035861118167607064,1.7567959258820163,0.625,0.023559495468512975,-0.0031338622821272,0.375,-0.01873032546078217,0.0768767196607929,1.194766601594201,0.035861118167607064,0.043236946890627556,0.625,1.7567959258820163,0.023559495468512975,0.03389572248097779,-0.002631458771331775,0.048976630268945644,-0.01636882327576361,48.0,1.25
kr,kr.steady_dividend,A_strong,20,all,7,8,8,0,0,0,0,8,0.04785625405803232,0.018147272320850748,0.875,0.14416244363641784,6.2741078585249355,1.0,0.04785625405803232,0.018147272320850748,0.875,0.004001992362609931,0.11372153623748876,2.0976854485258642,0.14416244363641784,0.13588772509232638,1.0,6.2741078585249355,0.04785625405803232,0.07130352208760896,-0.014230238731944664,0.17122731934275026,-0.028524786578515912,48.0,1.25
kr,kr.steady_dividend,B_moderate2,5,all,49,392,392,0,5,5,0,387,0.010890651758714514,0.0087082728592162,0.5968992248062015,0.016478926038070232,4.262964058876571,0.661498708010336,0.010504635519721096,0.0076152066384074,0.5943877551020408,-0.0501100244498777,0.0708519269776875,3.3807679136267796,0.016317557780419795,0.02188571936516705,0.6607142857142857,4.2730482167038275,0.010890651758714514,0.03110883101535641,-0.0189075902435433,0.04873504911931539,-0.03703752390410894,50.46173469387755,14.198979591836734
kr,kr.steady_dividend,B_moderate2,20,all,49,392,392,0,92,92,0,300,-0.010370459115463459,-0.00124440482160435,0.48,0.07325249349489858,13.011580827817369,0.8033333333333333,-0.0011053751370986842,0.00667062182505835,0.5280612244897959,-0.11873626460248145,0.080556854588938,-0.266345363501187,0.04871176455351157,0.049097017947846,0.6887755102040817,8.995343148854948,-0.010370459115463459,0.0603789606004895,-0.05151991053900799,0.08250915337478848,-0.07072511914346802,50.46173469387755,14.198979591836734
kr,kr.steady_dividend,none,5,all,50,500,500,0,30,30,0,470,-0.0032267076718750683,-0.00257152678618635,0.4808510638297872,0.004417357207008576,1.4314513484800613,0.597872340425532,-0.004557618554948112,-0.0039927954349835496,0.456,-0.06210473749670223,0.06465011304780074,-1.8751967687772753,0.004890749319899288,0.016009104293319802,0.61,1.665249609781623,-0.0032267076718750683,0.02052612221487,-0.02500661561446292,0.037905503404118676,-0.042441462010201825,52.12,52.12
kr,kr.steady_dividend,none,20,all,50,500,500,0,180,180,0,320,-0.020644565458638124,-0.0128510758963605,0.415625,0.06525286302516044,12.879243953861625,0.759375,-0.020502531177158823,-0.009484203212490251,0.42,-0.14906645703573806,0.07264114887007714,-5.66033338763926,0.027527930014070917,0.0258910756925411,0.646,5.88070916623571,-0.020644565458638124,0.042333431048016484,-0.061910127066957706,0.06191708920366,-0.07904676020293593,52.12,52.12
kr,kr.top_gainers,A_strong,5,all,4,5,5,0,1,1,0,4,0.028291675244462598,0.0239241450981256,0.75,-0.0016867761975913748,-0.05509696379563529,0.75,0.026176197338427222,0.0216474168338058,0.8,-0.00501356182597134,0.061770671925623306,1.542840509469333,0.00960843513588588,0.0167423339630713,0.8,0.36580353029581303,0.028291675244462598,0.03012311219537312,-0.024339026507513017,0.0554504288266092,-0.03821649283891586,100.0,1.4
kr,kr.top_gainers,A_strong,20,all,4,5,5,0,2,2,0,3,0.057719561581842806,0.0676855895196506,0.6666666666666666,0.15011531857019697,4.648816620058611,1.0,0.031556186646254446,0.0177142857142857,0.6,-0.02798856489193526,0.1025581067756021,1.0744352994877084,0.07517915956279456,0.08617840878609541,0.8,1.3156437986237017,0.057719561581842806,0.08890315017132155,-0.027653274864532194,0.11455153747797783,-0.04096910366954039,100.0,1.4
kr,kr.top_gainers,B_moderate2,5,all,20,55,55,0,1,1,0,54,-0.0002588896228706674,3.368479530525001e-05,0.5,-0.017434200322049533,-1.2434599831589568,0.35185185185185186,6.789538325944837e-05,0.0014738393515105,0.509090909090909,-0.11695427092320962,0.11975800136224395,0.004152447065730367,-0.01612104612583418,-0.0313858106225785,0.36363636363636365,-1.166000384870082,-0.0002588896228706674,0.052891225218085924,-0.040191574268995396,0.09824727993584595,-0.06780077848110518,100.0,4.672727272727273
kr,kr.top_gainers,B_moderate2,20,all,20,55,55,0,14,14,0,41,-0.04005560970060861,-0.0203333563870253,0.4634146341463415,0.0090635848027783,0.38082622952044165,0.4634146341463415,-0.02549138769547669,-0.0314181398923905,0.45454545454545453,-0.18554670067033302,0.13327848052597166,-1.513419815513684,-0.01031043692886161,-0.042691307103229596,0.41818181818181815,-0.5219148123970682,-0.04005560970060861,0.09339259277388097,-0.11269028336009365,0.13757463947599116,-0.13762661919459476,100.0,4.672727272727273
kr,kr.top_gainers,none,5,all,51,510,510,0,41,40,1,470,-0.05772618371815411,-0.11407759861368105,0.3276595744680851,-0.05008211883927046,-3.5299903710734486,0.33404255319148934,-0.057558559493783405,-0.10972581340228396,0.3254901960784314,-0.3310013597826692,0.21686492144495798,-4.33009908832943,-0.04773905598444187,-0.10016008630339719,0.3411764705882353,-3.6196325131690146,-0.05778743357682821,0.09486189863492883,-0.15097225897710298,0.257850307386316,-0.19377762310902757,100.0,100.0
kr,kr.top_gainers,none,20,all,51,510,510,0,191,190,1,320,-0.14942978691793854,-0.23792693379044344,0.190625,-0.06353235843414,-1.914654606300869,0.265625,-0.11226905620455761,-0.17199162693047484,0.25098039215686274,-0.46381987577639744,0.20368328362260457,-5.126365612066884,-0.06462397101248826,-0.13133872866950955,0.29411764705882354,-2.952951309537672,-0.14980730976094148,0.20204603019810646,-0.25708295017815247,0.37936953112599914,-0.29098775882598055,100.0,100.0
kr,kr.top_losers,A_strong,5,all,8,18,18,0,2,2,0,16,-0.019866675869382244,-0.006850748585909601,0.3125,-0.0018665044072996451,-0.11278388571944188,0.5625,-0.016272572451543163,-0.0059879727674804,0.3888888888888889,-0.09663271366485615,0.012348388031711666,-1.1218638881426388,0.002880500540757938,0.032921332526198305,0.6111111111111112,0.19175217538291084,-0.019866675869382244,0.01183738258300173,-0.02325112933525452,0.02708966035480053,-0.03485858289176402,100.0,3.4444444444444446
kr,kr.top_losers,A_strong,20,all,8,18,18,0,7,7,0,11,-0.0523630042074436,-0.0032362459546925,0.45454545454545453,-0.030416461922929548,-0.9478089010141051,0.5454545454545454,-0.033223712595772836,0.0008821355404199,0.5,-0.1735033049120707,0.016935307205710293,-1.4654497518223983,-0.03663873468143935,-0.014409376063753102,0.4444444444444444,-1.728604634242376,-0.0523630042074436,0.01661743504122276,-0.06894659728355071,0.030815635485965158,-0.08146787616612305,100.0,3.4444444444444446
kr,kr.top_losers,B_moderate2,5,all,48,341,341,0,16,16,0,325,0.000670511966939925,-0.0046893317702227,0.4676923076923077,0.010224096613506225,1.9709310296346865,0.5446153846153846,-0.00019177109926838667,-0.0046893317702227,0.46920821114369504,-0.1306122448979592,0.1262376237623761,-0.029388345321810137,0.01025126707235774,0.006092814695255397,0.5483870967741935,2.049920722514313,0.000670511966939925,0.05611953710139943,-0.05739777033582723,0.10197112121790491,-0.08827543372103662,100.0,10.80058651026393
kr,kr.top_losers,B_moderate2,20,all,48,341,341,0,81,81,0,260,-0.07713213082520988,-0.09170236395367284,0.27692307692307694,0.002860897222586465,0.15331325433927276,0.43846153846153846,-0.04564949700009708,-0.0492610837438424,0.3343108504398827,-0.2744265080713679,0.1410411622276028,-2.9354145841314323,0.006319869645896771,-0.018364848265277803,0.4574780058651026,0.43473196961492044,-0.07713213082520988,0.11469172724155591,-0.1651662674123832,0.16138630798392273,-0.19422789379729574,100.0,10.80058651026393
kr,kr.top_losers,none,5,all,51,510,510,0,40,40,0,470,0.0008293674827798268,-0.044978424059416,0.38085106382978723,0.008473432361663473,0.3485275573312927,0.4276595744680851,0.00023056385184594278,-0.044978424059416,0.37450980392156863,-0.24624221844934913,0.2648530832973495,0.010213688819018544,0.010050067361187482,-0.030309496915834705,0.43333333333333335,0.4465934392214159,0.0008293674827798268,0.11358721396490501,-0.1065032530040077,0.20981250409767113,-0.1566122009590386,100.0,100.0
kr,kr.top_losers,none,20,all,51,510,510,0,194,190,4,320,-0.07104244463434271,-0.16126857730849725,0.271875,0.014854983849455838,0.3117903354319266,0.40625,-0.03726343847280736,-0.10177493317356434,0.3215686274509804,-0.4334751938020559,0.28689781530294,-1.2202997515433285,0.010381646719261981,-0.04557928774703915,0.40784313725490196,0.3400269186378219,-0.06936030496382976,0.23216774967547626,-0.2247006382118658,0.3425246793753632,-0.26469233575140055,100.0,100.0
kr,kr.trade_amount,A_strong,5,all,19,31,31,0,4,4,0,27,0.011068233145731939,0.0005436848944344,0.5185185185185185,0.02278820888442081,1.7449537127145012,0.7037037037037037,0.008128118823737424,-0.0023784568249617,0.4838709677419355,-0.0279730363000613,0.0862409479921,0.9336423036983255,0.022277899320584393,0.0228846280056257,0.7419354838709677,1.9601847905328533,0.011068233145731939,0.019565862847853343,-0.026128172268535813,0.02898043871359177,-0.03549140398473465,100.0,2.161290322580645
kr,kr.trade_amount,A_strong,20,all,19,31,31,0,15,15,0,16,0.003690528855091681,0.0022471050021105003,0.5625,0.08613426234210497,3.017751755098774,0.625,-0.0081115332399096,-0.0175235390823493,0.3225806451612903,-0.0338222814886652,0.0294695481335953,-0.6960641132079713,0.01780832311426706,-0.018529332319125,0.45161290322580644,0.85136885924282,0.003690528855091681,0.04626870939888404,-0.041657535191648734,0.060016998126118354,-0.05140008384888492,100.0,2.161290322580645
kr,kr.trade_amount,B_moderate2,5,all,44,268,268,0,14,14,0,254,-0.0021887730808387257,-0.00973729543496985,0.452755905511811,0.0030093990732572005,0.6896714780659869,0.515748031496063,-0.0024171158155372368,-0.01099558336400435,0.44029850746268656,-0.1212146039882689,0.1152215784487677,-0.43242363465259487,0.004053665222171865,0.003643424276710751,0.5410447761194029,0.9755385324439415,-0.0021887730808387257,0.051415724654501685,-0.04945304480968472,0.07850486493611146,-0.07630679217980521,100.0,10.604477611940299
kr,kr.trade_amount,B_moderate2,20,all,44,268,268,0,69,69,0,199,-0.07918141859550355,-0.08125,0.3015075376884422,-0.02039221543148812,-1.8890345266956494,0.36683417085427134,-0.046389366341634874,-0.02453323638912175,0.34328358208955223,-0.24323039721684075,0.12552758890418494,-5.080255369831454,-0.017752069984854988,-0.03211330565429445,0.40671641791044777,-2.1034268435162535,-0.07918141859550355,0.07898254890584733,-0.15110086181275914,0.10854317503152947,-0.17768835955650839,100.0,10.604477611940299
kr,kr.trade_amount,none,5,all,51,510,510,0,40,40,0,470,-0.0291155676605183,-0.03331558236719295,0.3851063829787234,-0.02147150278163466,-2.5698069484531034,0.4276595744680851,-0.027275732847469945,-0.03016439068799575,0.38823529411764707,-0.24568601333307213,0.18853833532634387,-3.298029069156906,-0.0174562293381284,-0.016975377393536446,0.45294117647058824,-2.2463314250393993,-0.0291155676605183,0.07703609090849863,-0.10884588392798616,0.12422378984351029,-0.1454317399234457,100.0,100.0
kr,kr.trade_amount,none,20,all,51,510,510,0,190,190,0,320,-0.25407963668904215,-0.25195820713035255,0.10625,-0.1681822082052436,-11.455244851209024,0.165625,-0.1511028724812091,-0.13528064463708916,0.2803921568627451,-0.5210634572337004,0.1519894570006213,-12.18402541467021,-0.10345778728913976,-0.0854576904514944,0.3411764705882353,-9.221411223867028,-0.25407963668904215,0.1344674393980834,-0.2549869198151981,0.18965673570328775,-0.28993959766678784,100.0,100.0
kr,kr.tv_rsi45,A_strong,5,all,27,112,112,0,9,9,0,103,-0.00816945602964817,-0.0087101116477947,0.2912621359223301,-0.006429297920874485,-0.9209102810369567,0.5533980582524272,-0.007218940056762918,-0.00864469206274425,0.30357142857142855,-0.02614837879360107,0.012411751465864911,-3.319478670611901,-0.0025367546636374007,0.0152677419734332,0.5892857142857143,-0.38367596265091625,-0.00816945602964817,0.005686502336903614,-0.012983928848666199,0.012677531432345013,-0.0174747031339209,100.0,6.464285714285714
kr,kr.tv_rsi45,A_strong,20,all,27,112,112,0,81,81,0,31,-0.06111072105618069,-0.0490162236796686,0.0,-0.07580177386951086,-6.616193658621266,0.06451612903225806,-0.028453537254728992,-0.0272011535032517,0.15178571428571427,-0.05343267455614823,0.008073615869489481,-7.475945028272064,-0.045020912196576245,-0.03803156687053605,0.29464285714285715,-6.939725535033593,-0.06111072105618069,0.007193626695113017,-0.034694842472455044,0.014067794331732133,-0.039567729848664225,100.0,6.464285714285714
kr,kr.tv_rsi45,B_moderate2,5,all,51,487,487,0,40,40,0,447,-0.003693694150072694,-0.0085520495429076,0.33557046979865773,0.001041309593411536,0.3021449524532262,0.5346756152125279,-0.004425910880946449,-0.008654094549212,0.31006160164271046,-0.06703982870539765,0.07237396900543704,-1.4123865104525553,0.002826210207403299,0.008173734444922698,0.5687885010266941,0.8886946310371471,-0.003693694150072694,0.026676620967556932,-0.03461068942066942,0.05095621177477307,-0.052152391359471056,100.0,25.036960985626283
kr,kr.tv_rsi45,B_moderate2,20,all,51,487,487,0,190,190,0,297,-0.040831189652076647,-0.044695820113119,0.32323232323232326,0.04451175737771786,6.009711469152674,0.6127946127946128,-0.03026366105610278,-0.0242718446601941,0.2464065708418891,-0.18818565400843879,0.1036069468171321,-6.078957459298939,0.015236691307323894,0.010337998124135099,0.5462012320328542,2.948169208777088,-0.040831189652076647,0.054418575657499246,-0.09655081944261062,0.0826000235925091,-0.11364875837648934,100.0,25.036960985626283
kr,kr.tv_rsi45,none,5,all,51,510,510,0,40,40,0,470,-0.002255946041146514,-0.0113137129451908,0.37446808510638296,0.005388118837737131,0.8300610078396633,0.44893617021276594,-0.00293395777256784,-0.011047905496708851,0.34901960784313724,-0.14220156273557386,0.16135701740734984,-0.42653349152334563,0.006885545736773712,-0.0018176264124671491,0.48823529411764705,1.1475978371265447,-0.002255946041146514,0.06008905586280174,-0.058009793899087024,0.11480851965504577,-0.0875776834866815,100.0,100.0
kr,kr.tv_rsi45,none,20,all,51,510,510,0,193,190,3,320,-0.05467161926106512,-0.056136163042606047,0.3625,0.031225809222733436,2.6539470700907324,0.590625,-0.005581337986118714,-0.0232082848182836,0.3431372549019608,-0.2821178586199786,0.20973927514792914,-0.5005065776605178,0.04206374720595064,0.018592370093600652,0.5862745098039216,4.254953093115527,-0.05585969986958845,0.1402503857068477,-0.13062942554709456,0.19893546451569416,-0.15686417847081915,100.0,100.0
kr,kr.undervalued_breakout,A_strong,5,all,6,7,7,0,3,3,0,4,0.10365888241787515,0.1127788798902228,1.0,0.08787708169713075,4.324113166401921,1.0,0.05652184097700684,0.0441370223978918,0.5714285714285714,-0.0072099320198179394,0.14156638607027264,2.20583623763792,0.05884687059090932,0.027605297785812197,1.0,3.339901755560151,0.10365888241787515,0.05834725629018876,0.0030814190496068,0.07787648448761034,-0.02530450650194891,29.142857142857142,1.2857142857142858
kr,kr.undervalued_breakout,A_strong,20,all,6,7,7,0,3,3,0,4,0.15925251307704952,0.15872909766878723,1.0,0.2389646903532803,32.330588189201286,1.0,0.08828962992510647,0.1290322580645162,0.5714285714285714,-0.0072099320198179394,0.1730457842264746,2.586904104465043,0.14518264696585192,0.2202253615163429,1.0,3.266674531965347,0.15925251307704952,0.13387323302644133,0.0030814190496068,0.16784130496445399,-0.02530450650194891,29.142857142857142,1.2857142857142858
kr,kr.undervalued_breakout,B_moderate2,5,all,28,124,124,0,6,6,0,118,0.036997097653407356,0.031028304836110798,0.7203389830508474,0.026579688161314556,3.2819273308813166,0.652542372881356,0.03418025664351359,0.0291443649982975,0.6854838709677419,-0.0484350329711154,0.11090232792025322,4.233607843271574,0.02554759938781713,0.017742008245312798,0.6532258064516129,3.3074479551479525,0.036997097653407356,0.05520686169027452,-0.019032748555158376,0.08079668541216013,-0.04926196405540011,41.53225806451613,9.64516129032258
kr,kr.undervalued_breakout,B_moderate2,20,all,28,124,124,0,13,13,0,111,-0.00143989352560719,0.0046874999999999,0.5585585585585585,0.10180899110606374,11.098415797512239,0.8648648648648649,0.001925249372688099,0.0048313121890547,0.5564516129032258,-0.08636338028169006,0.10883576358732903,0.23431843173703312,0.08889432508299114,0.1023027739900947,0.8145161290322581,9.908830299232005,-0.00143989352560719,0.09110125056268897,-0.06436290129365105,0.1206238481326116,-0.09089899582840938,41.53225806451613,9.64516129032258
kr,kr.undervalued_breakout,none,5,all,51,510,510,0,40,40,0,470,0.006702788001747013,0.0,0.49361702127659574,0.014346852880630657,2.359076396465431,0.49148936170212765,0.004717204466904735,-0.00383587955677145,0.4823529411764706,-0.11700030797659376,0.0991007874142411,0.8164366866466852,0.01453670797624628,0.0019469229260790505,0.503921568627451,2.576757870233441,0.006702788001747013,0.049561223783534156,-0.04166709974018484,0.08508133363327373,-0.07130832010965049,27.019607843137255,27.019607843137255
kr,kr.undervalued_breakout,none,20,all,51,510,510,0,190,190,0,320,-0.019299310427576766,-0.0304609224612388,0.3875,0.0665981180562218,6.65362253241272,0.64375,-0.007007532359031779,-0.0157213691983603,0.41568627450980394,-0.17989545052274739,0.12393666612072113,-0.9570382931634446,0.04063755283303757,0.014713023854186552,0.5705882352941176,5.814766470389054,-0.019299310427576766,0.10288920331290737,-0.10007686443576486,0.14471105926932862,-0.13010525645243362,27.019607843137255,27.019607843137255
kr,kr.undervalued_growth,A_strong,5,all,3,3,3,0,0,0,0,3,0.03739675463764334,0.05,0.6666666666666666,0.01917874417027107,0.3445959025148257,0.6666666666666666,0.03739675463764334,0.05,0.6666666666666666,-0.013175965665236,0.08292817679558001,1.061006334156822,0.01917874417027107,0.0364406917091618,0.6666666666666666,0.3445959025148257,0.03739675463764334,0.03739675463764334,-0.0349113151451645,0.07416588510042973,-0.06202963712623769,100.0,1.0
kr,kr.undervalued_growth,A_strong,20,all,3,3,3,0,1,1,0,2,-0.043164452803573554,-0.043164452803573554,0.5,0.07174903822510313,0.4887950261407681,0.5,-0.0573886051594639,-0.0858369098712446,0.3333333333333333,-0.1577198681620942,0.05432197972787869,-0.7374064052467044,0.01842501582293099,-0.0750385401829475,0.3333333333333333,0.18401431936578722,-0.043164452803573554,0.084290493413402,-0.1309186342039619,0.15081946316027214,-0.15126564120467648,100.0,1.0
kr,kr.undervalued_growth,B_moderate2,5,all,51,385,385,0,13,13,0,372,0.02539272641722842,-0.0010549079446418499,0.4838709677419355,0.03957535538910873,2.690665399741582,0.6263440860215054,0.024544802616253584,-0.0010030090270812,0.4857142857142857,-0.0773791682278006,0.09292966504239297,1.727335567979354,0.03923485154547241,0.0157030059259543,0.6337662337662338,2.7603065999344873,0.02539272641722842,0.06271352373039028,-0.038877007056808854,0.0925168304013956,-0.0702047387339154,100.0,18.23116883116883
kr,kr.undervalued_growth,B_moderate2,20,all,51,385,385,0,81,81,0,304,0.02908041841507073,-0.0148865522966242,0.45723684210526316,0.11412752599602886,5.409193498481687,0.7796052631578947,0.033789081355408784,0.0018050541516245,0.5038961038961038,-0.14098124543107932,0.1724669168477187,2.0283643823533124,0.09148027592534777,0.05363424160428541,0.7194805194805195,5.407778218602147,0.02908041841507073,0.13248348403638188,-0.10160569665093948,0.17512453579449408,-0.13876213921357158,100.0,18.23116883116883
kr,kr.undervalued_growth,none,5,all,51,510,510,0,40,40,0,470,-0.005133435238119426,-0.010233645947266699,0.4425531914893617,0.002510629640764214,0.8301470310475594,0.4851063829787234,-0.00883342494634073,-0.015714887358633252,0.41568627450980394,-0.1359557187212664,0.11686440677966108,-1.931949956291043,0.0009860785630008222,-0.0035432505122698563,0.4745098039215686,0.3454767973473496,-0.005133435238119426,0.041585405170706705,-0.05401668308738961,0.0799251307454991,-0.08637245511901097,100.0,100.0
kr,kr.undervalued_growth,none,20,all,51,510,510,0,190,190,0,320,-0.07704177600772359,-0.08629715897387136,0.31875,0.008855652476074973,1.5357112271357538,0.525,-0.04616815090997287,-0.0466661765786958,0.37058823529411766,-0.22443507067392945,0.1363575842919425,-7.424575976344402,0.001476934282096462,-0.0056032186973441495,0.4823529411764706,0.35447188703585725,-0.07704177600772359,0.07659714733892072,-0.13184138447711688,0.12120661378913292,-0.16591464117572838,100.0,100.0
us,us.cheap_value,A_strong,5,all,18,21,21,0,1,1,0,20,0.011233247525186518,-0.00113143068255285,0.45,0.005903843650908336,0.6984069673116795,0.55,0.01116610158166327,0.0,0.47619047619047616,-0.0232635124113644,0.0598346951164896,1.257564213458072,0.005776793185874034,0.0054941833661806,0.5714285714285714,0.7183550907642288,0.011233247525186518,0.02129872772730758,-0.010560207474409332,0.03867379456549438,-0.02321388472140316,100.0,1.2857142857142858
us,us.cheap_value,A_strong,20,all,18,21,21,0,6,6,0,15,0.09753859983675794,0.1047565460281736,0.8,0.0679999789790525,3.0908792129242193,0.6,0.08057640452889696,0.0991289921194524,0.7619047619047619,-0.006464124111183,0.1800239545904285,4.377787903533386,0.0559466352594535,0.04889062758655031,0.6666666666666666,3.1933149452292677,0.09753859983675794,0.10000113208559319,-0.020708094247678603,0.11386848548429203,-0.03544504160199643,100.0,1.2857142857142858
us,us.cheap_value,B_moderate2,5,all,47,463,453,10,40,50,0,413,0.47164827137584187,0.0076335877862594,0.5617433414043583,0.46371568634922106,1.4449130194715387,0.5302663438256658,0.43056460488443904,0.0073800738007379,0.5629139072847682,-0.04993874596280206,0.07858380101157078,1.4711194228660254,0.42310348148475396,0.0036457258749228987,0.5342163355408388,1.4458906528756506,0.47164827137584187,0.47536865576626675,0.1867558885048467,0.5645089491457393,0.15905231018089855,100.0,16.244060475161987
us,us.cheap_value,B_moderate2,20,all,47,463,453,10,183,193,0,270,0.4580182817469764,0.05563621280186545,0.7333333333333333,0.4357858763430538,1.562802078767453,0.6296296296296297,0.2836976681112967,0.0334198212582885,0.6467991169977925,-0.06085074689621864,0.1691315136476427,1.7053959438621513,0.2642125783413529,0.014710264165260901,0.58719646799117,1.5879424339550932,0.4580182817469764,0.5630613873559878,0.07052050850699455,0.6758680136128901,0.04770138563817369,100.0,16.244060475161987
us,us.cheap_value,none,5,all,47,470,460,10,40,50,0,420,0.18289613506801003,-0.02877007118026815,0.40476190476190477,0.17511578994608554,1.7027876363595025,0.3547619047619048,0.16591460418771176,-0.0190174804098854,0.43043478260869567,-0.22931314969531535,0.1366087770008515,1.7664575353699865,0.15858530802407855,-0.028600159994366766,0.3826086956521739,1.6878000289076225,0.18289613506801003,0.25775520031069893,-0.054673913295515485,0.3496330171015903,-0.102561328828858,100.0,100.0
us,us.cheap_value,none,20,all,47,470,460,10,190,200,0,270,0.4997612879357319,-0.0792997198879552,0.3333333333333333,0.4775288825318093,1.9512259035886403,0.2814814814814815,0.29318685033473396,-0.038375139593057994,0.42391304347826086,-0.5031506532668596,0.1863460751927012,2.034060825924807,0.2739591632728444,-0.051968578687292794,0.3804347826086957,1.9002815329017182,0.4997612879357319,0.9203445518610803,-0.2071823780935096,1.0699975225353255,-0.24813573303095904,100.0,100.0
us,us.consecutive_gainers,B_moderate2,5,all,5,5,5,0,0,0,0,5,-0.0123680657179487,-0.0021593608291945,0.4,-0.030419052603795238,-7.384863902356357,0.0,-0.0123680657179487,-0.0021593608291945,0.4,-0.03697555494362062,0.0041092631557676,-1.2256600307703864,-0.030419052603795238,-0.0331119347381927,0.0,-7.384863902356357,-0.0123680657179487,0.01182967242238008,-0.01368735640345296,0.026824125305050676,-0.02003994347420756,68.4,1.0
us,us.consecutive_gainers,B_moderate2,20,all,5,5,5,0,4,4,0,1,0.0247327064279274,0.0247327064279274,1.0,-0.028158520179870705,,0.0,0.02051985748911888,-0.0001081431815724,0.4,-0.00112299838832496,0.057844168074195304,1.3114488612705297,-0.0205695694836933,-0.0285247941801858,0.2,-1.3582002929755754,0.0247327064279274,0.03929186600972144,-0.030924308627442037,0.05099473442044315,-0.03932529487523222,68.4,1.0
us,us.consecutive_gainers,none,5,all,47,470,460,10,40,50,0,420,0.10427924793174775,-0.0267686513965866,0.41904761904761906,0.0964989028098232,1.00171905446843,0.3952380952380952,0.0918442611451593,-0.0271734946489772,0.40869565217391307,-0.20283580947197438,0.15239969725263852,1.044198442792748,0.08451496498152608,-0.03153155955288016,0.3869565217391304,0.9606177404041338,0.10427924793174775,0.17837591894760346,-0.04612464436329109,0.24511987067525437,-0.09311656920658755,78.59574468085107,78.59574468085107
us,us.consecutive_gainers,none,20,all,47,470,460,10,190,200,0,270,0.22297342342254456,-0.0694916238561108,0.37777777777777777,0.2007410180186221,1.0236185484264395,0.34814814814814815,0.1148765050475072,-0.035253817540741,0.41304347826086957,-0.3561328564128768,0.24661574064592767,0.9960596859277216,0.09564881798561763,-0.055406868425444,0.3739130434782609,0.8290014380508522,0.22297342342254456,0.3979942318065111,-0.15474126510373976,0.5415192859204264,-0.1939444610617655,78.59574468085107,78.59574468085107
us,us.high_volume_surge,A_strong,5,all,27,39,38,1,3,4,0,35,0.0466900284613907,0.0347222222222223,0.7428571428571429,0.03224320212755178,2.848442963789972,0.6285714285714286,0.04250317792982355,0.030202505079752896,0.7368421052631579,-0.0356136842105263,0.13433538685356342,3.8808822756369494,0.02881331359763887,0.025182222564319352,0.631578947368421,2.7110603644235045,0.0466900284613907,0.05814688823635016,-0.010940490288302778,0.07281028097803718,-0.02545809777729795,100.0,1.8205128205128205
us,us.high_volume_surge,A_strong,20,all,27,39,38,1,17,18,0,21,0.03957132225256128,0.0409684210526315,0.8095238095238095,0.020450588349430292,1.5353876969978721,0.7142857142857143,0.038359052576330176,0.03734016329968175,0.8157894736842105,-0.03243326749496293,0.10653213326708733,3.8333997101007777,0.012905896216181484,0.014400789592320102,0.6578947368421053,1.373089031621211,0.03957132225256128,0.09516859467542664,-0.026403964107512067,0.1093596178896307,-0.03731437156935436,100.0,1.8205128205128205
us,us.high_volume_surge,B_moderate2,5,all,47,349,341,8,20,28,0,321,0.026261886729706755,0.0176131003149042,0.6012461059190031,0.01778931021301917,2.7919410159731224,0.5514018691588785,0.02506625961400508,0.0158334636127055,0.6041055718475073,-0.0873786407766989,0.1467551622418879,4.011101912158588,0.016851481216749366,0.0084614244446366,0.5571847507331378,2.8037993590502186,0.026261886729706755,0.05430246788866655,-0.02765774036641824,0.08282809709779687,-0.05289948817479978,100.0,10.638968481375358
us,us.high_volume_surge,B_moderate2,20,all,47,349,341,8,101,109,0,240,0.2583554775297203,0.05259123528558915,0.7,0.235374146800801,1.6092317375359049,0.65,0.2067594347977681,0.045875870317372,0.7126099706744868,-0.0861599405793513,0.2054794520547944,2.0055454827850347,0.18356266624154283,0.028153815484639903,0.6422287390029325,1.7805809680203395,0.2583554775297203,0.3093026060372697,-0.062079034878176724,0.3465337990670484,-0.08321230833932626,100.0,10.638968481375358
us,us.high_volume_surge,none,5,all,47,470,460,10,40,50,0,420,-0.0771407247841549,-0.08987233432871836,0.3,-0.08492106990607942,-1.4343897608134577,0.28809523809523807,-0.07880963608075515,-0.0867328561134627,0.29782608695652174,-0.46130973668345815,0.10196695955780226,-1.4543041151854519,-0.08613893224438837,-0.0962869564038494,0.29130434782608694,-1.591617918274871,-0.0771407247841549,0.10212618418779928,-0.18336029939101844,0.2537092228976158,-0.22488672635713278,100.0,100.0
us,us.high_volume_surge,none,20,all,47,470,460,10,190,200,0,270,-0.018239922676000924,-0.1743665889437642,0.28888888888888886,-0.040472328079923445,-0.2893386635111136,0.24444444444444444,-0.07627184761835877,-0.14136594094840443,0.26956521739130435,-0.6290675611239909,0.14343568874090515,-0.924250511052145,-0.09549953468024835,-0.14438128109139226,0.24130434782608695,-1.1569510035379578,-0.018239922676000924,0.3032357627564758,-0.281531023701021,0.5165536272012343,-0.31062955773574846,100.0,100.0
us,us.high_yield_value,A_strong,5,all,18,25,25,0,6,6,0,19,0.01666599634291559,0.0221708392248189,0.5789473684210527,0.008207093377195168,0.5417270339333243,0.631578947368421,0.009313256141228654,0.0111080255484588,0.52,-0.05505541265853486,0.08171673505895277,0.8286929262210189,0.002150023786523449,0.0083559620673386,0.56,0.1795185785342109,0.01666599634291559,0.027478176003253023,-0.014142391800403654,0.0413550776068027,-0.02500977638088916,100.0,1.8
us,us.high_yield_value,A_strong,20,all,18,25,25,0,15,15,0,10,0.03784288474195371,-0.003765185692939099,0.5,0.00274710284881084,0.05356404986497593,0.5,0.01608011060435321,-0.0029986506072267,0.48,-0.0650848678226818,0.09606086081235252,0.7534569518165571,-0.0030139468922549283,-0.0036277006904704995,0.48,-0.14506646342411278,0.03784288474195371,0.05346466831306576,-0.030808625495195172,0.06842712959406179,-0.0439698968442715,100.0,1.8
us,us.high_yield_value,B_moderate2,5,all,47,441,435,6,38,44,0,397,0.01842207373159958,0.0121053880845003,0.5919395465994962,0.009986903092836398,2.4138996981859004,0.5314861460957179,0.017358938485888212,0.0116086235489221,0.5862068965517241,-0.050235135925327856,0.09169293389213716,4.497836381895003,0.00945245749738261,0.004602128574807,0.5310344827586206,2.490922586894972,0.01842207373159958,0.04266215327632906,-0.02198489578171639,0.06504818547257184,-0.040787954687323026,100.0,13.040816326530612
us,us.high_yield_value,B_moderate2,20,all,47,441,435,6,177,183,0,258,0.0762794699953237,0.09018817136421714,0.7170542635658915,0.05367952867137058,5.480168207304433,0.6744186046511628,0.06507980188439577,0.0460681031680785,0.6689655172413793,-0.06308018650700402,0.23627418456239876,9.288218631100955,0.045194063317564905,0.037872828202391504,0.6275862068965518,6.592234943748106,0.0762794699953237,0.11595850219365032,-0.046945770510400116,0.1410413664593702,-0.06759292840717224,100.0,13.040816326530612
us,us.high_yield_value,none,5,all,47,470,460,10,40,50,0,420,0.09286271874401268,0.0138387320968642,0.5857142857142857,0.08508237362208813,2.716000286492585,0.5738095238095238,0.08662332222547173,0.01343891880477235,0.5978260869565217,-0.08542049766868459,0.12909072856449397,3.0239172892340633,0.07929402606183854,0.0130169741402274,0.5782608695652174,2.770557241616388,0.09286271874401268,0.12788757671916995,-0.02147814690481825,0.17395900590930405,-0.054308512023666794,100.0,100.0
us,us.high_yield_value,none,20,all,47,470,460,10,190,200,0,270,0.28946475168994984,0.1014449642514588,0.7444444444444445,0.2672323462860273,4.658006246685006,0.6814814814814815,0.18878472292472018,0.05001739294442515,0.6869565217391305,-0.0737327188940092,0.2853048501716026,5.51143694767849,0.16955703586283058,0.031095438218421947,0.6260869565217392,4.940594855357716,0.28946475168994984,0.30044924573077525,-0.04705494030602566,0.3496111058584776,-0.08907451626572516,100.0,100.0
us,us.random,none,5,all,47,470,460,10,40,50,0,420,0.01466065432220893,0.008062697532878551,0.55,0.006880309200284392,1.236690271123731,0.530952380952381,0.014724010649895694,0.008062697532878551,0.5608695652173913,-0.06916493468955152,0.10944017256409677,2.865653136129714,0.007394714486262482,0.00280182873505605,0.5369565217391304,1.4446577597066268,0.01466065432220893,0.04210918000471545,-0.026562357663021043,0.06388253651611712,-0.0460086193253926,10.0,10.0
us,us.random,none,20,all,47,470,460,10,190,200,0,270,0.019807895890107875,0.0169938489635856,0.5777777777777777,-0.002424509513814612,-0.25443408665930256,0.4888888888888889,0.023936298264206762,0.00989366212229555,0.558695652173913,-0.11721545350411314,0.18953728568477604,3.070136307722997,0.004708611202317149,-0.0044163541765888,0.48043478260869565,0.6052905180364782,0.019807895890107875,0.08937764060404077,-0.060344065209172064,0.11212241748175812,-0.07784932937333224,10.0,10.0
us,us.steady_dividend,A_strong,5,all,35,64,62,2,4,6,0,58,0.003629004266847115,0.005913978201906801,0.5689655172413793,-0.005575435012367216,-1.5757267952336016,0.43103448275862066,0.0033928110613728655,0.00562873225641475,0.5483870967741935,-0.02380281669789332,0.036020525423252764,1.1363893277762451,-0.0056060739269977655,-0.0036994898309053994,0.41935483870967744,-1.662863399784203,0.003629004266847115,0.016987160545699685,-0.009184890481423461,0.028503121923715385,-0.01975214436551312,100.0,2.28125
us,us.steady_dividend,A_strong,20,all,35,64,62,2,17,19,0,45,-0.003028729628268189,-0.0013829404848212,0.4666666666666667,-0.02721671302655614,-3.533021788509437,0.2222222222222222,0.00802192736202539,0.007995907191931849,0.5483870967741935,-0.050825307880852925,0.0763639274339754,1.1533455524970122,-0.016979014166219792,-0.01555781745664835,0.2903225806451613,-2.6225957043161303,-0.003028729628268189,0.04482683497853125,-0.027241475516430445,0.0571347597928863,-0.04054905170200489,100.0,2.28125
us,us.steady_dividend,B_moderate2,5,all,47,461,451,10,40,50,0,411,0.0073048881459715385,0.008731096693278,0.5985401459854015,-0.0006129081160269239,-0.24790342360677134,0.5036496350364964,0.006744329368690909,0.0076054759426786,0.5920177383592018,-0.04031465093412,0.0524017467248909,2.9161575641295325,-0.0007012261695448773,-9.85639994139989e-05,0.49889135254988914,-0.3088935241037845,0.0073048881459715385,0.024132151394591662,-0.015864412344428935,0.038389211743977796,-0.028171047035187857,100.0,22.019522776572668
us,us.steady_dividend,B_moderate2,20,all,47,461,451,10,182,192,0,269,0.028391878765666716,0.0194865527196992,0.6245353159851301,0.006231522510338666,1.1294499524963046,0.4721189591078067,0.029363792794882247,0.0162529023039827,0.6252771618625277,-0.042028542748658,0.1440664969481335,6.7909880766281105,0.009857307461504674,-0.00014668510582499994,0.49667405764966743,2.363571019338392,0.028391878765666716,0.06220970451167179,-0.035934359751566766,0.07567493041093486,-0.05031911970106406,100.0,22.019522776572668
us,us.steady_dividend,none,5,all,47,470,460,10,40,50,0,420,9.767651136621126e-05,0.00216640407223355,0.5095238095238095,-0.00768266861055833,-2.010426266850491,0.4666666666666667,0.0007659498153484236,0.00099806368151885,0.5043478260869565,-0.08058115749939802,0.07643723786488221,0.2090754723381598,-0.006563346348284791,-0.0030201500750924497,0.46956521739130436,-1.8560344019206947,9.767651136621126e-05,0.03540508073036865,-0.033649103448030106,0.07089128621629254,-0.05528696378864506,100.0,100.0
us,us.steady_dividend,none,20,all,47,470,460,10,190,200,0,270,-0.012585126453318001,0.0050787480455221495,0.5111111111111111,-0.03481753185724049,-4.131417051202623,0.4222222222222222,0.004029976243755961,0.006516978663533899,0.5347826086956522,-0.14930486849699054,0.16107522725392304,0.6503933187186217,-0.015197710818133647,-0.004256070956738351,0.47608695652173916,-2.5000284211017276,-0.012585126453318001,0.07855049197784013,-0.07275844560652865,0.11960657330696027,-0.09678078897932581,100.0,100.0
us,us.top_gainers,A_strong,5,all,1,1,1,0,0,0,0,1,0.0054815974941269,0.0054815974941269,1.0,0.005423273010693671,,1.0,0.0054815974941269,0.0054815974941269,1.0,0.0054815974941269,0.0054815974941269,,0.005423273010693671,0.005423273010693671,1.0,,0.0054815974941269,0.2176977290524668,-0.0046985121378229,0.3171495693030541,-0.018794048551292,100.0,1.0
us,us.top_gainers,A_strong,20,all,1,1,1,0,1,1,0,0,,,,,,,0.0963194988253719,0.0963194988253719,1.0,0.0963194988253719,0.0963194988253719,,0.0971137378885506,0.0971137378885506,1.0,,,0.2176977290524668,-0.0046985121378229,0.3171495693030541,-0.018794048551292,100.0,1.0
us,us.top_gainers,B_moderate2,5,all,20,32,32,0,0,0,0,32,0.02794848820734692,0.0138260106040841,0.59375,0.019048182897897982,1.186772151861039,0.59375,0.02794848820734692,0.0138260106040841,0.59375,-0.08366459230017079,0.15879093180852522,1.7167395486329964,0.019048182897897982,0.01565435624290275,0.59375,1.186772151861039,0.02794848820734692,0.08724023574219344,-0.010401386461608484,0.13229698127337974,-0.04924367053035541,100.0,2.25
us,us.top_gainers,B_moderate2,20,all,20,32,32,0,7,7,0,25,0.060802419477089885,0.0502172462666503,0.68,0.034326200324831066,0.9157809536301894,0.6,0.05640207349051017,0.051563649588351496,0.65625,-0.1173290485491642,0.31296052631578986,1.8134285661842255,0.030139946402603396,0.021223422813868048,0.59375,1.0011656360238095,0.060802419477089885,0.18038702961257555,-0.08293348954029811,0.22767377168969688,-0.11112334218025055,100.0,2.25
us,us.top_gainers,none,5,all,47,470,460,10,40,50,0,420,-0.02530563873079508,-0.1715350576072095,0.24285714285714285,-0.033085983852719644,-0.4283801837066656,0.22380952380952382,-0.030592604608624153,-0.1669398907103824,0.25,-0.481653574757023,0.1738335629272803,-0.43235869627604956,-0.03792190077225735,-0.17470813703903054,0.2326086956521739,-0.5365613027247189,-0.02530563873079508,0.20531982233771898,-0.2139335080997595,0.4567129931178227,-0.2767023395269532,100.0,100.0
us,us.top_gainers,none,20,all,47,470,460,10,190,200,0,270,-0.04577116806965033,-0.3071799890714786,0.2,-0.06800357347357282,-0.46349838402483107,0.15555555555555556,-0.08453885331863117,-0.2529296020371002,0.21956521739130436,-0.6325814817186399,0.15379707097608958,-0.9724935980220367,-0.10376654038052079,-0.2673989665890169,0.18478260869565216,-1.1929107852909904,-0.04577116806965033,0.4017730589157142,-0.325576207888922,0.7149635030061475,-0.3677167369512692,100.0,100.0
us,us.top_losers,A_strong,5,all,18,34,30,4,1,5,0,29,0.004062321217550634,0.0061614404496861,0.5862068965517241,-0.005669959830071451,-0.49740792268946976,0.41379310344827586,0.003242125862339899,0.00499203192030655,0.5666666666666667,-0.07888579043758971,0.06177902888892834,0.3026135903114268,-0.006115447682586523,-0.0105673544492536,0.4,-0.5548652476992093,0.004062321217550634,0.0280947818141631,-0.02372062001713815,0.049925981779756184,-0.044153721348403625,100.0,2.4705882352941178
us,us.top_losers,A_strong,20,all,18,34,30,4,17,21,0,13,0.07164422863213876,0.090066225165563,0.7692307692307693,0.034727494390736656,0.762546914082625,0.6153846153846154,0.02227251235893831,0.00320119423544945,0.5333333333333333,-0.10949240942618808,0.18177131065947383,0.8972394316934564,-0.008934784700814184,-0.0399278643161973,0.43333333333333335,-0.3702285485149117,0.07164422863213876,0.08691431484613286,-0.06366022928351786,0.10929131537675407,-0.08133402742901706,100.0,2.4705882352941178
us,us.top_losers,B_moderate2,5,all,47,423,413,10,30,40,0,383,0.02348390801334624,0.0099771949828961,0.556135770234987,0.015009881501699672,2.6354062689797924,0.5378590078328982,0.022320375487796137,0.0095979247730222,0.5544794188861986,-0.0824701937406856,0.13449109007484636,4.084872299844402,0.01434717473011794,0.006171053334865,0.5351089588377724,2.687641130506204,0.02348390801334624,0.06057736942346496,-0.03533762042258861,0.09185595295040233,-0.06100427966721573,100.0,12.38534278959811
us,us.top_losers,B_moderate2,20,all,47,423,413,10,161,171,0,252,0.009284578405247193,0.0070825740894246494,0.5079365079365079,-0.014161818045454803,-1.1995649840414866,0.44841269841269843,0.02128264917345427,0.0076140508029944,0.5205811138014528,-0.1586481253646935,0.21692185443870834,2.3424532704939693,0.00013714977627201006,-0.011376662851868499,0.4600484261501211,0.015416985834461678,0.009284578405247193,0.1273997722370052,-0.08731977982540957,0.16097925705504737,-0.10966773204743259,100.0,12.38534278959811
us,us.top_losers,none,5,all,47,470,460,10,40,50,0,420,0.008455480200663413,-0.0512324469861936,0.3761904761904762,0.0006751350787388781,0.01848494105458042,0.3619047619047619,-0.004043383067713764,-0.05733620952962745,0.3695652173913043,-0.41433324121139176,0.28771985040915327,-0.1204188527954793,-0.01137267923134696,-0.0684697321446343,0.35434782608695653,-0.3388141345744714,0.008455480200663413,0.17044928414998337,-0.14563078593381193,0.3677016076846502,-0.2099612602015543,100.0,100.0
us,us.top_losers,none,20,all,47,470,460,10,190,200,0,270,-0.06034289332243745,-0.2103777320240734,0.3111111111111111,-0.08257529872635991,-0.986113797962512,0.2851851851851852,-0.06638872009554167,-0.14555352321226367,0.34130434782608693,-0.6280329015950991,0.28277445401475,-1.3175557753576392,-0.08561640715743128,-0.1615393239594955,0.31521739130434784,-1.7002451411134116,-0.06034289332243745,0.4224079562347899,-0.26482131575709345,0.6700620785310546,-0.3076347640829348,100.0,100.0
us,us.trade_amount,A_strong,5,all,35,61,60,1,8,9,0,52,0.055128602611049224,0.05103312505284045,0.75,0.039637029997321035,4.101061674735688,0.6923076923076923,0.04763942455283566,0.0229981979816744,0.7166666666666667,-0.02542263688450005,0.14087375990273326,5.155280438849283,0.03368418380440898,0.01628704700432915,0.6666666666666666,3.9054776607978603,0.055128602611049224,0.060462883814328294,-0.005402827018278011,0.07507944686849861,-0.020840667131095513,100.0,2.4098360655737703
us,us.trade_amount,A_strong,20,all,35,61,60,1,31,32,0,29,0.021380857889096046,0.0251282341685568,0.6896551724137931,0.00417994183271371,0.22880983686993786,0.5172413793103449,0.032130422384119235,0.023707995661788,0.75,-0.03829150627809175,0.1229006940024424,2.9178520134144597,0.009526109681001977,0.003811727476087751,0.55,0.9459825577883969,0.021380857889096046,0.09364505175405183,-0.027159485647217544,0.10879774575931035,-0.03910114540989331,100.0,2.4098360655737703
us,us.trade_amount,B_moderate2,5,all,47,401,392,9,34,43,0,358,0.019286646559601005,0.0102519860419082,0.6005586592178771,0.010989167836567424,2.950223490274418,0.5418994413407822,0.01762303730892247,0.009892614848750099,0.5969387755102041,-0.0483315675574534,0.09484793966721945,4.872753023880553,0.009798866762932578,0.0038837139110261495,0.5408163265306123,2.866472974643716,0.019286646559601005,0.041283729160145936,-0.021694334753569074,0.05883419698924639,-0.03828243136503228,100.0,11.917705735660848
us,us.trade_amount,B_moderate2,20,all,47,401,392,9,135,144,0,257,0.02070972003273684,0.0158130081300813,0.5836575875486382,-0.001620789903023248,-0.27904049212053883,0.4591439688715953,0.023086524169461702,0.01255926875603685,0.5994897959183674,-0.07804512842568048,0.14523661559258916,4.953172498838178,0.0018447293698512202,-0.0043744836271854505,0.461734693877551,0.4088364985040733,0.02070972003273684,0.08082836671147012,-0.05325114322725582,0.10069149595296775,-0.06648512340985073,100.0,11.917705735660848
us,us.trade_amount,none,5,all,47,470,460,10,40,50,0,420,-0.0042666577764410366,-0.005887903441683899,0.4714285714285714,-0.012047002898365574,-2.437848231162813,0.4357142857142857,-0.00513531965232091,-0.006355945575306899,0.4608695652173913,-0.12249877047151947,0.10221993235661692,-1.0855355481342563,-0.012464615815954122,-0.01552699553833005,0.4260869565217391,-2.735761823650333,-0.0042666577764410366,0.0425453470021799,-0.0459270806335277,0.06432339340145592,-0.06828373656833138,100.0,100.0
us,us.trade_amount,none,20,all,47,470,460,10,190,200,0,270,-0.05524180710409912,-0.03892446386613205,0.3592592592592593,-0.0774742125080216,-8.020895437273003,0.3111111111111111,-0.016250732085206006,-0.01713932983388415,0.4152173913043478,-0.2250714819357748,0.17233232362715425,-2.0087782660280467,-0.03547841914709562,-0.0299831271523203,0.3630434782608696,-4.496598548313732,-0.05524180710409912,0.09035084150734261,-0.10768170448622626,0.11565908037358465,-0.122946224749949,100.0,100.0
us,us.tv_rsi45,A_strong,5,all,12,14,13,1,0,1,0,13,0.04381663888235481,0.000337723741979,0.5384615384615384,0.033263221553177666,0.8227719616736047,0.46153846153846156,0.04381663888235481,0.000337723741979,0.5384615384615384,-0.00845177615392078,0.048548915410798664,1.1427409673591515,0.033263221553177666,-0.002061405542427,0.46153846153846156,0.8227719616736047,0.04381663888235481,0.05002587503528598,-0.009119459447360801,0.060780800262941484,-0.015225676009879693,100.0,1.2857142857142858
us,us.tv_rsi45,A_strong,20,all,12,14,13,1,3,4,0,10,0.05825240761222951,0.0222272247592415,1.0,0.051374220143009255,3.0639673048469787,0.8,0.0846304638152018,0.0244225173760557,0.9230769230769231,0.01359995549168144,0.13907005788538399,2.2690409768307567,0.07987892769833688,0.0233345824250164,0.7692307692307693,2.08085369720995,0.05825240761222951,0.0946576411211092,-0.012034858912662484,0.10216855867495432,-0.01919181452371367,100.0,1.2857142857142858
us,us.tv_rsi45,B_moderate2,5,all,47,470,460,10,40,50,0,420,0.026432410156465178,0.017208162396613352,0.6190476190476191,0.01865206503454064,3.9101379977021633,0.5928571428571429,0.024475612158963697,0.014137977752131499,0.6021739130434782,-0.05294657288083054,0.10111204098418415,5.434292457012153,0.017146315995330483,0.009367348873233799,0.5760869565217391,3.8992361202325063,0.026432410156465178,0.04976089600112242,-0.019329694659273974,0.07324027943089817,-0.03827400684694124,100.0,24.74468085106383
us,us.tv_rsi45,B_moderate2,20,all,47,470,460,10,190,200,0,270,0.07671318439163544,0.06958715898391504,0.7444444444444445,0.05448077898771295,6.1423627255194,0.6703703703703704,0.06056464826731518,0.0351647509603,0.6456521739130435,-0.07651876111182608,0.241913811298362,8.914502184672443,0.041336961205425585,0.0169235244044393,0.5869565217391305,6.250392252896143,0.07671318439163544,0.12200638546623774,-0.04577823282683716,0.14630475128096748,-0.06430415808146908,100.0,24.74468085106383
us,us.tv_rsi45,none,5,all,47,470,460,10,40,50,0,420,0.038780614584990866,0.0102517706771688,0.5738095238095238,0.031000269463066343,1.7661874857146789,0.5357142857142857,0.03411836755253972,0.007792794748209,0.5630434782608695,-0.1241494194851085,0.1284344786705641,2.1161838294192403,0.026789071388906495,0.00363121988690655,0.5239130434782608,1.6676049318081199,0.038780614584990866,0.12193955374627885,-0.032432745400490015,0.19586585537219586,-0.06442389957970966,100.0,100.0
us,us.tv_rsi45,none,20,all,47,470,460,10,190,200,0,270,0.14179813140757833,0.0279092743613137,0.6185185185185185,0.11956572600365586,1.4736872183750107,0.5111111111111111,0.11361537692226727,0.02509207831579835,0.6,-0.17607464253251687,0.23963404334841537,2.3573829861449886,0.09438768986037765,0.005537752319725151,0.5173913043478261,1.9590580628691774,0.14179813140757833,0.35551153515984346,-0.06805540002755746,0.48570289263112604,-0.09721424913488534,100.0,100.0
us,us.undervalued_breakout,A_strong,5,all,8,8,8,0,1,1,0,7,0.021407418385437357,0.0170641846034516,0.8571428571428571,0.008053376336067944,0.7846139684503919,0.42857142857142855,0.021440798354575987,0.019240176422891102,0.875,0.005355241842166061,0.038801472364734045,3.338094141179861,0.0102813608779225,0.0023427478956508504,0.5,1.1219345599587938,0.021407418385437357,0.024893903839931363,-0.0008027244024174748,0.03040680436750375,-0.012812998411040975,12.75,1.0
us,us.undervalued_breakout,A_strong,20,all,8,8,8,0,4,4,0,4,0.013344267161190373,0.01168733073569245,1.0,0.0022316255319897995,0.3192410396740683,0.75,0.02467263715775796,0.0117592964345679,1.0,0.007194322301936171,0.0485746822762153,2.1760620655401377,0.01706921073382115,0.01133040461667735,0.75,1.3324234245661148,0.013344267161190373,0.03592107016698669,-0.0012196213550198622,0.038533568072471464,-0.013577706535528786,12.75,1.0
us,us.undervalued_breakout,B_moderate2,5,all,21,27,26,1,5,6,0,21,0.010685316648286716,0.0155208333333334,0.6666666666666666,0.002155578205306133,0.19243663354957644,0.47619047619047616,0.011748528596810533,0.016292508968392502,0.7307692307692307,-0.04265705721910615,0.0701262227893886,1.3061584254635548,0.004094870756241989,-0.0012810405147202645,0.5,0.4483565849346522,0.010685316648286716,0.028474191347990327,-0.012252152057732116,0.04157663610239377,-0.03035692562049915,15.185185185185185,1.5925925925925926
us,us.undervalued_breakout,B_moderate2,20,all,21,27,26,1,15,16,0,11,0.10255641195573931,0.0559156322091618,1.0,0.09014551058485729,2.4286036957142554,0.9090909090909091,0.04085627403333152,0.015422562610327099,0.7692307692307693,-0.037613908041994396,0.12315236754786779,2.095307122591145,0.03299930711317692,0.0132462782031324,0.6153846153846154,1.6544678138210418,0.10255641195573931,0.05947585162354016,-0.019098110246138215,0.07640261179125217,-0.03665668694122633,15.185185185185185,1.5925925925925926
us,us.undervalued_breakout,none,5,all,47,463,453,10,40,50,0,413,0.0046306695379936,0.0035026269702278,0.5544794188861986,-0.003063933050797024,-1.3198668460228262,0.4721549636803874,0.004624347359336515,0.0043215211754537,0.565121412803532,-0.04688894853389579,0.05491597844431609,2.2437144342317445,-0.0026198075043135953,-0.001676569759375501,0.48123620309050774,-1.2226393988425672,0.0046306695379936,0.022557787221441302,-0.016172261276924723,0.04036448497672033,-0.03186888212363053,13.086393088552915,13.086393088552915
us,us.undervalued_breakout,none,20,all,47,463,453,10,187,197,0,266,0.05276634214677372,0.02226879707864475,0.6954887218045113,0.030871206612258603,3.3922158993279865,0.5075187969924813,0.03206989063398772,0.0102044080483669,0.609271523178808,-0.05962197974741292,0.10885609455734829,5.645149278511362,0.013242083295711428,-0.0039681433295424,0.445916114790287,2.3530853557572717,0.05276634214677372,0.07238052184215805,-0.03338534845389934,0.0919491758876131,-0.05059695636624943,13.086393088552915,13.086393088552915
crypto,crypto.benchmark,none,5,all,75,75,75,0,0,4,0,71,-0.019557056872121094,-0.0224916076233781,0.16901408450704225,0.0,,0.0,-0.010389378060794378,-0.0211512813194528,0.21333333333333335,-0.057960075093723654,0.0411435924363121,-1.6395390627604656,0.0,0.0,0.0,,-0.010389378060794378,,,,,91.32,91.28
crypto,crypto.benchmark,none,20,all,75,75,75,0,0,19,0,56,-0.0872927808498537,-0.0913487938862234,0.017857142857142856,0.0,,0.0,-0.03473976881936617,-0.0756067141323038,0.26666666666666666,-0.12985190389915685,0.12025794218943246,-3.030912094660745,0.0,0.0,0.0,,-0.03473976881936617,,,,,91.32,91.28
kr,kr.benchmark,none,5,all,51,51,51,0,0,4,0,47,-0.007644064878883647,-0.020724221724421,0.40425531914893614,0.0,,0.0,-0.00981950350934155,-0.0256244010928946,0.37254901960784315,-0.087120417465263,0.0690639724275512,-1.0351159358286062,0.0,0.0,0.0,,-0.00981950350934155,,,,,1320.8235294117646,1320.8235294117646
kr,kr.benchmark,none,20,all,51,51,51,0,0,19,0,32,-0.08589742848379855,-0.1050248767268956,0.1875,0.0,,0.0,-0.04764508519206933,-0.0370749947555092,0.3137254901960784,-0.1711316507725122,0.0701609602064604,-3.659212935582798,0.0,0.0,0.0,,-0.04764508519206933,,,,,1320.8235294117646,1320.8235294117646
us,us.benchmark,none,5,all,46,46,46,0,0,4,0,42,0.007780345121924538,0.00447931230839395,0.6190476190476191,0.0,,0.0,0.007329296163633213,0.00447931230839395,0.6086956521739131,-0.00957186388358865,0.0300389247439964,3.226164630363425,0.0,0.0,0.0,,0.007329296163633213,,,,,2770.7391304347825,2770.717391304348
us,us.benchmark,none,20,all,46,46,46,0,0,19,0,27,0.022232405403922486,0.0248230275893784,0.8148148148148148,0.0,,0.0,0.019227687061889612,0.01727399354644115,0.782608695652174,-0.0036645932202185004,0.044124389341917855,6.874587396929153,0.0,0.0,0.0,,0.019227687061889612,,,,,2770.7391304347825,2770.717391304348
